Zyklen,Qm,Q,Q_rel,SOC,SiO,D,AbsZeit,dQ/dV,Cycle
1,100,209.3,100,10,0,1,2022-12-19 21:37:45,0.2138,1
1,100,209.3,100,10,0,1,2022-12-19 21:37:45,0,2
2,100.0096,209.32,100.0104,10,0,1,2022-12-20 03:22:54,0.2138,1
2,100.0096,209.32,100.0104,10,0,1,2022-12-20 03:22:54,0,2
3,100.0478,209.4,100.0453,10,0,1,2022-12-20 09:07:41,0.2138,1
3,100.0478,209.4,100.0453,10,0,1,2022-12-20 09:07:41,0,2
1,100.3106,209.95,100,10,0,2,2023-05-17 20:30:39,0.21235,1
1,100.3106,209.95,100,10,0,2,2023-05-17 20:30:39,0,2
2,100.3918,210.12,100.0795,10,0,2,2023-05-18 02:17:00,0.21235,1
2,100.3918,210.12,100.0795,10,0,2,2023-05-18 02:17:00,0,2
3,100.4061,210.15,100.094,10,0,2,2023-05-18 08:03:05,0.21235,1
3,100.4061,210.15,100.094,10,0,2,2023-05-18 08:03:05,0,2
4,100.4252,210.19,100.1127,10,0,2,2023-05-18 13:48:58,0.21235,1
4,100.4252,210.19,100.1127,10,0,2,2023-05-18 13:48:58,0,2
5,100.4348,210.21,100.1233,10,0,2,2023-05-18 19:34:42,0.21235,1
5,100.4348,210.21,100.1233,10,0,2,2023-05-18 19:34:42,0,2
6,100.4539,210.25,100.1407,10,0,2,2023-05-19 01:20:20,0.21235,1
6,100.4539,210.25,100.1407,10,0,2,2023-05-19 01:20:20,0,2
7,100.4587,210.26,100.1462,10,0,2,2023-05-19 07:05:54,0.21235,1
7,100.4587,210.26,100.1462,10,0,2,2023-05-19 07:05:54,0,2
8,100.4634,210.27,100.1536,10,0,2,2023-05-19 12:51:20,0.21235,1
8,100.4634,210.27,100.1536,10,0,2,2023-05-19 12:51:20,0,2
9,100.473,210.29,100.1632,10,0,2,2023-05-19 18:36:35,0.21235,1
9,100.473,210.29,100.1632,10,0,2,2023-05-19 18:36:35,0,2
10,100.4778,210.3,100.1644,10,0,2,2023-05-20 00:21:49,0.21235,1
10,100.4778,210.3,100.1644,10,0,2,2023-05-20 00:21:49,0,2
1,100.5733,210.5,100,10,0,3,2023-07-21 19:30:41,0.21231,1
1,100.5733,210.5,100,10,0,3,2023-07-21 19:30:41,0,2
2,100.6259,210.61,100.0555,10,0,3,2023-07-22 01:17:02,0.21231,1
2,100.6259,210.61,100.0555,10,0,3,2023-07-22 01:17:02,0,2
3,100.6211,210.6,100.0493,10,0,3,2023-07-22 07:03:04,0.21231,1
3,100.6211,210.6,100.0493,10,0,3,2023-07-22 07:03:04,0,2
4,100.6211,210.6,100.0498,10,0,3,2023-07-22 12:48:56,0.21231,1
4,100.6211,210.6,100.0498,10,0,3,2023-07-22 12:48:56,0,2
5,100.6307,210.62,100.0599,10,0,3,2023-07-22 18:34:42,0.21231,1
5,100.6307,210.62,100.0599,10,0,3,2023-07-22 18:34:42,0,2
6,100.6307,210.62,100.0576,10,0,3,2023-07-23 00:20:21,0.21231,1
6,100.6307,210.62,100.0576,10,0,3,2023-07-23 00:20:21,0,2
7,100.6163,210.59,100.0471,10,0,3,2023-07-23 06:05:54,0.21231,1
7,100.6163,210.59,100.0471,10,0,3,2023-07-23 06:05:54,0,2
8,100.6259,210.61,100.0558,10,0,3,2023-07-23 11:51:29,0.21231,1
8,100.6259,210.61,100.0558,10,0,3,2023-07-23 11:51:29,0,2
9,100.6211,210.6,100.05,10,0,3,2023-07-23 17:36:54,0.21231,1
9,100.6211,210.6,100.05,10,0,3,2023-07-23 17:36:54,0,2
10,100.6163,210.59,100.0448,10,0,3,2023-07-23 23:22:15,0.21231,1
10,100.6163,210.59,100.0448,10,0,3,2023-07-23 23:22:15,0,2
1,100.6307,210.62,100,10,0,4,2023-09-27 14:34:28,0.21232,1
1,100.6307,210.62,100,10,0,4,2023-09-27 14:34:28,0,2
2,100.6689,210.7,100.0379,10,0,4,2023-09-27 20:20:37,0.21232,1
2,100.6689,210.7,100.0379,10,0,4,2023-09-27 20:20:37,0,2
3,100.6641,210.69,100.0316,10,0,4,2023-09-28 02:06:34,0.21232,1
3,100.6641,210.69,100.0316,10,0,4,2023-09-28 02:06:34,0,2
4,100.6498,210.66,100.0195,10,0,4,2023-09-28 07:52:20,0.21232,1
4,100.6498,210.66,100.0195,10,0,4,2023-09-28 07:52:20,0,2
5,100.6498,210.66,100.0188,10,0,4,2023-09-28 13:38:00,0.21232,1
5,100.6498,210.66,100.0188,10,0,4,2023-09-28 13:38:00,0,2
6,100.645,210.65,100.0139,10,0,4,2023-09-28 19:23:32,0.21232,1
6,100.645,210.65,100.0139,10,0,4,2023-09-28 19:23:32,0,2
7,100.6355,210.63,100.004,10,0,4,2023-09-29 01:08:58,0.21232,1
7,100.6355,210.63,100.004,10,0,4,2023-09-29 01:08:58,0,2
8,100.6355,210.63,100.0056,10,0,4,2023-09-29 06:54:22,0.21232,1
8,100.6355,210.63,100.0056,10,0,4,2023-09-29 06:54:22,0,2
9,100.6355,210.63,100.0066,10,0,4,2023-09-29 12:39:47,0.21232,1
9,100.6355,210.63,100.0066,10,0,4,2023-09-29 12:39:47,0,2
10,100.6546,210.67,100.0226,10,0,4,2023-09-29 18:25:03,0.21232,1
10,100.6546,210.67,100.0226,10,0,4,2023-09-29 18:25:03,0,2
1,100.6307,210.62,100,10,0,5,2023-12-05 19:54:49,0.21188,1
1,100.6307,210.62,100,10,0,5,2023-12-05 19:54:49,0,2
2,100.6546,210.67,100.0242,10,0,5,2023-12-06 01:40:44,0.21188,1
2,100.6546,210.67,100.0242,10,0,5,2023-12-06 01:40:44,0,2
3,100.645,210.65,100.0167,10,0,5,2023-12-06 07:26:32,0.21188,1
3,100.645,210.65,100.0167,10,0,5,2023-12-06 07:26:32,0,2
4,100.6355,210.63,100.0029,10,0,5,2023-12-06 13:12:08,0.21188,1
4,100.6355,210.63,100.0029,10,0,5,2023-12-06 13:12:08,0,2
5,100.6259,210.61,99.99732,10,0,5,2023-12-06 18:57:39,0.21188,1
5,100.6259,210.61,99.99732,10,0,5,2023-12-06 18:57:39,0,2
6,100.6259,210.61,99.99388,10,0,5,2023-12-07 00:43:03,0.21188,1
6,100.6259,210.61,99.99388,10,0,5,2023-12-07 00:43:03,0,2
7,100.602,210.56,99.96976,10,0,5,2023-12-07 06:28:18,0.21188,1
7,100.602,210.56,99.96976,10,0,5,2023-12-07 06:28:18,0,2
8,100.602,210.56,99.97295,10,0,5,2023-12-07 12:13:29,0.21188,1
8,100.602,210.56,99.97295,10,0,5,2023-12-07 12:13:29,0,2
9,100.5972,210.55,99.96768,10,0,5,2023-12-07 17:58:38,0.21188,1
9,100.5972,210.55,99.96768,10,0,5,2023-12-07 17:58:38,0,2
10,100.5925,210.54,99.96386,10,0,5,2023-12-07 23:43:46,0.21188,1
10,100.5925,210.54,99.96386,10,0,5,2023-12-07 23:43:46,0,2
1,100.5686,210.49,100,10,0,6,2024-02-19 21:08:06,0.25128,1
1,100.5686,210.49,100,10,0,6,2024-02-19 21:08:06,0.25128,2
2,100.5925,210.54,100.0256,10,0,6,2024-02-20 02:53:51,0.25128,1
2,100.5925,210.54,100.0256,10,0,6,2024-02-20 02:53:51,0.25128,2
3,100.5829,210.52,100.0135,10,0,6,2024-02-20 08:39:19,0.25128,1
3,100.5829,210.52,100.0135,10,0,6,2024-02-20 08:39:19,0.25128,2
4,100.5638,210.48,99.99605,10,0,6,2024-02-20 14:24:35,0.25128,1
4,100.5638,210.48,99.99605,10,0,6,2024-02-20 14:24:35,0.25128,2
5,100.5781,210.51,100.0084,10,0,6,2024-02-20 20:09:58,0.25128,1
5,100.5781,210.51,100.0084,10,0,6,2024-02-20 20:09:58,0.25128,2
6,100.5495,210.45,99.97902,10,0,6,2024-02-21 01:55:02,0.25128,1
6,100.5495,210.45,99.97902,10,0,6,2024-02-21 01:55:02,0.25128,2
7,100.5399,210.43,99.97284,10,0,6,2024-02-21 07:40:05,0.25128,1
7,100.5399,210.43,99.97284,10,0,6,2024-02-21 07:40:05,0.25128,2
8,100.5303,210.41,99.96335,10,0,6,2024-02-21 13:25:05,0.25128,1
8,100.5303,210.41,99.96335,10,0,6,2024-02-21 13:25:05,0.25128,2
9,100.5208,210.39,99.95049,10,0,6,2024-02-21 19:09:53,0.25128,1
9,100.5208,210.39,99.95049,10,0,6,2024-02-21 19:09:53,0.25128,2
10,100.5112,210.37,99.94286,10,0,6,2024-02-22 00:54:45,0.25128,1
10,100.5112,210.37,99.94286,10,0,6,2024-02-22 00:54:45,0.25128,2
1,100,210.83,100,30,0,1,2022-12-19 21:41:04,0.40833,1
1,100,210.83,100,30,0,1,2022-12-19 21:41:04,0,2
2,100.0427,210.92,100.0393,30,0,1,2022-12-20 03:28:56,0.40833,1
2,100.0427,210.92,100.0393,30,0,1,2022-12-20 03:28:56,0,2
3,100.0901,211.02,100.0892,30,0,1,2022-12-20 09:16:37,0.40833,1
3,100.0901,211.02,100.0892,30,0,1,2022-12-20 09:16:37,0,2
1,100.5502,211.99,100,30,0,2,2023-05-17 21:02:23,0.4053,1
1,100.5502,211.99,100,30,0,2,2023-05-17 21:02:23,0,2
2,100.5597,212.01,100.0084,30,0,2,2023-05-18 02:51:19,0.4053,1
2,100.5597,212.01,100.0084,30,0,2,2023-05-18 02:51:19,0,2
3,100.5502,211.99,100.0012,30,0,2,2023-05-18 08:40:05,0.4053,1
3,100.5502,211.99,100.0012,30,0,2,2023-05-18 08:40:05,0,2
4,100.5407,211.97,99.98819,30,0,2,2023-05-18 14:28:29,0.4053,1
4,100.5407,211.97,99.98819,30,0,2,2023-05-18 14:28:29,0,2
5,100.5312,211.95,99.98198,30,0,2,2023-05-18 20:16:46,0.4053,1
5,100.5312,211.95,99.98198,30,0,2,2023-05-18 20:16:46,0,2
6,100.5312,211.95,99.98126,30,0,2,2023-05-19 02:04:56,0.4053,1
6,100.5312,211.95,99.98126,30,0,2,2023-05-19 02:04:56,0,2
7,100.5312,211.95,99.97933,30,0,2,2023-05-19 07:52:57,0.4053,1
7,100.5312,211.95,99.97933,30,0,2,2023-05-19 07:52:57,0,2
8,100.5265,211.94,99.97431,30,0,2,2023-05-19 13:40:51,0.4053,1
8,100.5265,211.94,99.97431,30,0,2,2023-05-19 13:40:51,0,2
9,100.5217,211.93,99.97285,30,0,2,2023-05-19 19:28:35,0.4053,1
9,100.5217,211.93,99.97285,30,0,2,2023-05-19 19:28:35,0,2
10,100.536,211.96,99.98316,30,0,2,2023-05-20 01:16:18,0.4053,1
10,100.536,211.96,99.98316,30,0,2,2023-05-20 01:16:18,0,2
1,100.6024,212.1,100,30,0,3,2023-07-21 20:01:47,0.40469,1
1,100.6024,212.1,100,30,0,3,2023-07-21 20:01:47,0,2
2,100.6119,212.12,100.0086,30,0,3,2023-07-22 01:50:01,0.40469,1
2,100.6119,212.12,100.0086,30,0,3,2023-07-22 01:50:01,0,2
3,100.6024,212.1,99.99897,30,0,3,2023-07-22 07:38:02,0.40469,1
3,100.6024,212.1,99.99897,30,0,3,2023-07-22 07:38:02,0,2
4,100.5976,212.09,99.993,30,0,3,2023-07-22 13:25:57,0.40469,1
4,100.5976,212.09,99.993,30,0,3,2023-07-22 13:25:57,0,2
5,100.5834,212.06,99.98123,30,0,3,2023-07-22 19:13:44,0.40469,1
5,100.5834,212.06,99.98123,30,0,3,2023-07-22 19:13:44,0,2
6,100.5692,212.03,99.96815,30,0,3,2023-07-23 01:01:24,0.40469,1
6,100.5692,212.03,99.96815,30,0,3,2023-07-23 01:01:24,0,2
7,100.5787,212.05,99.9748,30,0,3,2023-07-23 06:49:05,0.40469,1
7,100.5787,212.05,99.9748,30,0,3,2023-07-23 06:49:05,0,2
8,100.5502,211.99,99.9463,30,0,3,2023-07-23 12:36:31,0.40469,1
8,100.5502,211.99,99.9463,30,0,3,2023-07-23 12:36:31,0,2
9,100.5455,211.98,99.94438,30,0,3,2023-07-23 18:23:55,0.40469,1
9,100.5455,211.98,99.94438,30,0,3,2023-07-23 18:23:55,0,2
10,100.5312,211.95,99.92928,30,0,3,2023-07-24 00:11:11,0.40469,1
10,100.5312,211.95,99.92928,30,0,3,2023-07-24 00:11:11,0,2
1,100.5123,211.91,100,30,0,4,2023-09-27 15:05:04,0.40365,1
1,100.5123,211.91,100,30,0,4,2023-09-27 15:05:04,0,2
2,100.5312,211.95,100.0212,30,0,4,2023-09-27 20:52:46,0.40365,1
2,100.5312,211.95,100.0212,30,0,4,2023-09-27 20:52:46,0,2
3,100.5075,211.9,99.99778,30,0,4,2023-09-28 02:40:11,0.40365,1
3,100.5075,211.9,99.99778,30,0,4,2023-09-28 02:40:11,0,2
4,100.5123,211.91,99.99828,30,0,4,2023-09-28 08:27:34,0.40365,1
4,100.5123,211.91,99.99828,30,0,4,2023-09-28 08:27:34,0,2
5,100.4933,211.87,99.98134,30,0,4,2023-09-28 14:14:47,0.40365,1
5,100.4933,211.87,99.98134,30,0,4,2023-09-28 14:14:47,0,2
6,100.4791,211.84,99.96875,30,0,4,2023-09-28 20:02:00,0.40365,1
6,100.4791,211.84,99.96875,30,0,4,2023-09-28 20:02:00,0,2
7,100.4696,211.82,99.95794,30,0,4,2023-09-29 01:49:05,0.40365,1
7,100.4696,211.82,99.95794,30,0,4,2023-09-29 01:49:05,0,2
8,100.4506,211.78,99.93714,30,0,4,2023-09-29 07:36:03,0.40365,1
8,100.4506,211.78,99.93714,30,0,4,2023-09-29 07:36:03,0,2
9,100.4553,211.79,99.94235,30,0,4,2023-09-29 13:23:00,0.40365,1
9,100.4553,211.79,99.94235,30,0,4,2023-09-29 13:23:00,0,2
10,100.4411,211.76,99.92875,30,0,4,2023-09-29 19:09:51,0.40365,1
10,100.4411,211.76,99.92875,30,0,4,2023-09-29 19:09:51,0,2
1,100.3747,211.62,100,30,0,5,2023-12-05 20:25:17,0.40114,1
1,100.3747,211.62,100,30,0,5,2023-12-05 20:25:17,0,2
2,100.3937,211.66,100.0209,30,0,5,2023-12-06 02:12:23,0.40114,1
2,100.3937,211.66,100.0209,30,0,5,2023-12-06 02:12:23,0,2
3,100.3889,211.65,100.0166,30,0,5,2023-12-06 07:59:24,0.40114,1
3,100.3889,211.65,100.0166,30,0,5,2023-12-06 07:59:24,0,2
4,100.3747,211.62,99.99938,30,0,5,2023-12-06 13:46:14,0.40114,1
4,100.3747,211.62,99.99938,30,0,5,2023-12-06 13:46:14,0,2
5,100.37,211.61,99.99458,30,0,5,2023-12-06 19:33:02,0.40114,1
5,100.37,211.61,99.99458,30,0,5,2023-12-06 19:33:02,0,2
6,100.3557,211.58,99.98411,30,0,5,2023-12-07 01:19:46,0.40114,1
6,100.3557,211.58,99.98411,30,0,5,2023-12-07 01:19:46,0,2
7,100.3415,211.55,99.96679,30,0,5,2023-12-07 07:06:22,0.40114,1
7,100.3415,211.55,99.96679,30,0,5,2023-12-07 07:06:22,0,2
8,100.3225,211.51,99.94813,30,0,5,2023-12-07 12:52:50,0.40114,1
8,100.3225,211.51,99.94813,30,0,5,2023-12-07 12:52:50,0,2
9,100.3225,211.51,99.94726,30,0,5,2023-12-07 18:39:19,0.40114,1
9,100.3225,211.51,99.94726,30,0,5,2023-12-07 18:39:19,0,2
10,100.313,211.49,99.93898,30,0,5,2023-12-08 00:25:47,0.40114,1
10,100.313,211.49,99.93898,30,0,5,2023-12-08 00:25:47,0,2
1,100.1802,211.21,100,30,0,6,2024-02-19 21:37:45,0.40716,1
1,100.1802,211.21,100,30,0,6,2024-02-19 21:37:45,0.40716,2
2,100.2134,211.28,100.0299,30,0,6,2024-02-20 03:24:15,0.40716,1
2,100.2134,211.28,100.0299,30,0,6,2024-02-20 03:24:15,0.40716,2
3,100.204,211.26,100.0238,30,0,6,2024-02-20 09:10:37,0.40716,1
3,100.204,211.26,100.0238,30,0,6,2024-02-20 09:10:37,0.40716,2
4,100.1897,211.23,100.0064,30,0,6,2024-02-20 14:56:48,0.40716,1
4,100.1897,211.23,100.0064,30,0,6,2024-02-20 14:56:48,0.40716,2
5,100.1802,211.21,99.99605,30,0,6,2024-02-20 20:42:53,0.40716,1
5,100.1802,211.21,99.99605,30,0,6,2024-02-20 20:42:53,0.40716,2
6,100.1613,211.17,99.97798,30,0,6,2024-02-21 02:28:50,0.40716,1
6,100.1613,211.17,99.97798,30,0,6,2024-02-21 02:28:50,0.40716,2
7,100.1565,211.16,99.97613,30,0,6,2024-02-21 08:14:48,0.40716,1
7,100.1565,211.16,99.97613,30,0,6,2024-02-21 08:14:48,0.40716,2
8,100.1423,211.13,99.95958,30,0,6,2024-02-21 14:00:39,0.40716,1
8,100.1423,211.13,99.95958,30,0,6,2024-02-21 14:00:39,0.40716,2
9,100.1281,211.1,99.94627,30,0,6,2024-02-21 19:46:26,0.40716,1
9,100.1281,211.1,99.94627,30,0,6,2024-02-21 19:46:26,0.40716,2
10,100.1186,211.08,99.93791,30,0,6,2024-02-22 01:32:13,0.40716,1
10,100.1186,211.08,99.93791,30,0,6,2024-02-22 01:32:13,0.40716,2
1,100,211.08,100,50,0,1,2022-12-19 21:41:44,0.26436,1
1,100,211.08,100,50,0,1,2022-12-19 21:41:44,0,2
2,100.0142,211.11,100.0173,50,0,1,2022-12-20 03:30:27,0.26436,1
2,100.0142,211.11,100.0173,50,0,1,2022-12-20 03:30:27,0,2
3,100.0474,211.18,100.0497,50,0,1,2022-12-20 09:18:40,0.26436,1
3,100.0474,211.18,100.0497,50,0,1,2022-12-20 09:18:40,0,2
1,98.5361,207.99,100,50,0,2,2023-05-17 21:45:29,0.25552,1
1,98.5361,207.99,100,50,0,2,2023-05-17 21:45:29,0,2
2,98.45082,207.81,99.91493,50,0,2,2023-05-18 03:51:51,0.25552,1
2,98.45082,207.81,99.91493,50,0,2,2023-05-18 03:51:51,0,2
3,98.4603,207.83,99.92332,50,0,2,2023-05-18 09:56:58,0.25552,1
3,98.4603,207.83,99.92332,50,0,2,2023-05-18 09:56:58,0,2
4,98.34186,207.58,99.80672,50,0,2,2023-05-18 16:01:44,0.25552,1
4,98.34186,207.58,99.80672,50,0,2,2023-05-18 16:01:44,0,2
5,98.13815,207.15,99.59885,50,0,2,2023-05-18 22:08:02,0.25552,1
5,98.13815,207.15,99.59885,50,0,2,2023-05-18 22:08:02,0,2
6,98.19973,207.28,99.65946,50,0,2,2023-05-19 04:16:29,0.25552,1
6,98.19973,207.28,99.65946,50,0,2,2023-05-19 04:16:29,0,2
7,98.84878,208.65,100.3199,50,0,2,2023-05-19 10:35:10,0.25552,1
7,98.84878,208.65,100.3199,50,0,2,2023-05-19 10:35:10,0,2
8,98.96722,208.9,100.4384,50,0,2,2023-05-19 16:35:40,0.25552,1
8,98.96722,208.9,100.4384,50,0,2,2023-05-19 16:35:40,0,2
9,99.04775,209.07,100.5215,50,0,2,2023-05-19 22:33:57,0.25552,1
9,99.04775,209.07,100.5215,50,0,2,2023-05-19 22:33:57,0,2
10,99.00985,208.99,100.4855,50,0,2,2023-05-20 04:31:47,0.25552,1
10,99.00985,208.99,100.4855,50,0,2,2023-05-20 04:31:47,0,2
1,99.89104,210.85,100,50,0,3,2023-07-21 20:32:34,0.2562,1
1,99.89104,210.85,100,50,0,3,2023-07-21 20:32:34,0,2
2,99.89577,210.86,100.0021,50,0,3,2023-07-22 02:21:25,0.2562,1
2,99.89577,210.86,100.0021,50,0,3,2023-07-22 02:21:25,0,2
3,99.90999,210.89,100.018,50,0,3,2023-07-22 08:10:10,0.2562,1
3,99.90999,210.89,100.018,50,0,3,2023-07-22 08:10:10,0,2
4,99.91472,210.9,100.0204,50,0,3,2023-07-22 13:58:45,0.2562,1
4,99.91472,210.9,100.0204,50,0,3,2023-07-22 13:58:45,0,2
5,99.91472,210.9,100.0233,50,0,3,2023-07-22 19:47:17,0.2562,1
5,99.91472,210.9,100.0233,50,0,3,2023-07-22 19:47:17,0,2
6,99.9242,210.92,100.0311,50,0,3,2023-07-23 01:35:48,0.2562,1
6,99.9242,210.92,100.0311,50,0,3,2023-07-23 01:35:48,0,2
7,99.93367,210.94,100.0397,50,0,3,2023-07-23 07:24:19,0.2562,1
7,99.93367,210.94,100.0397,50,0,3,2023-07-23 07:24:19,0,2
8,99.93367,210.94,100.04,50,0,3,2023-07-23 13:12:46,0.2562,1
8,99.93367,210.94,100.04,50,0,3,2023-07-23 13:12:46,0,2
9,99.93367,210.94,100.0394,50,0,3,2023-07-23 19:01:11,0.2562,1
9,99.93367,210.94,100.0394,50,0,3,2023-07-23 19:01:11,0,2
10,99.92894,210.93,100.0379,50,0,3,2023-07-24 00:49:33,0.2562,1
10,99.92894,210.93,100.0379,50,0,3,2023-07-24 00:49:33,0,2
1,99.65416,210.35,100,50,0,4,2023-09-27 15:34:46,0.25523,1
1,99.65416,210.35,100,50,0,4,2023-09-27 15:34:46,0,2
2,99.67311,210.39,100.0231,50,0,4,2023-09-27 21:23:09,0.25523,1
2,99.67311,210.39,100.0231,50,0,4,2023-09-27 21:23:09,0,2
3,99.66837,210.38,100.0149,50,0,4,2023-09-28 03:11:18,0.25523,1
3,99.66837,210.38,100.0149,50,0,4,2023-09-28 03:11:18,0,2
4,99.67785,210.4,100.0234,50,0,4,2023-09-28 08:59:29,0.25523,1
4,99.67785,210.4,100.0234,50,0,4,2023-09-28 08:59:29,0,2
5,99.66837,210.38,100.0166,50,0,4,2023-09-28 14:47:30,0.25523,1
5,99.66837,210.38,100.0166,50,0,4,2023-09-28 14:47:30,0,2
6,99.66363,210.37,100.0091,50,0,4,2023-09-28 20:35:29,0.25523,1
6,99.66363,210.37,100.0091,50,0,4,2023-09-28 20:35:29,0,2
7,99.65416,210.35,100.0039,50,0,4,2023-09-29 02:23:25,0.25523,1
7,99.65416,210.35,100.0039,50,0,4,2023-09-29 02:23:25,0,2
8,99.6589,210.36,100.0079,50,0,4,2023-09-29 08:11:20,0.25523,1
8,99.6589,210.36,100.0079,50,0,4,2023-09-29 08:11:20,0,2
9,99.65416,210.35,100.0017,50,0,4,2023-09-29 13:59:10,0.25523,1
9,99.65416,210.35,100.0017,50,0,4,2023-09-29 13:59:10,0,2
10,99.64942,210.34,99.99825,50,0,4,2023-09-29 19:47:03,0.25523,1
10,99.64942,210.34,99.99825,50,0,4,2023-09-29 19:47:03,0,2
1,99.54993,210.13,100,50,0,5,2023-12-14 20:18:32,0.24237,1
1,99.54993,210.13,100,50,0,5,2023-12-14 20:18:32,0,2
2,99.5831,210.2,100.0315,50,0,5,2023-12-15 02:04:16,0.24237,1
2,99.5831,210.2,100.0315,50,0,5,2023-12-15 02:04:16,0,2
3,99.5831,210.2,100.0334,50,0,5,2023-12-15 07:49:54,0.24237,1
3,99.5831,210.2,100.0334,50,0,5,2023-12-15 07:49:54,0,2
4,99.58783,210.21,100.0388,50,0,5,2023-12-15 13:35:29,0.24237,1
4,99.58783,210.21,100.0388,50,0,5,2023-12-15 13:35:29,0,2
5,99.57836,210.19,100.0298,50,0,5,2023-12-15 19:20:57,0.24237,1
5,99.57836,210.19,100.0298,50,0,5,2023-12-15 19:20:57,0,2
6,99.56415,210.16,100.0126,50,0,5,2023-12-16 01:06:19,0.24237,1
6,99.56415,210.16,100.0126,50,0,5,2023-12-16 01:06:19,0,2
7,99.56888,210.17,100.021,50,0,5,2023-12-16 06:51:43,0.24237,1
7,99.56888,210.17,100.021,50,0,5,2023-12-16 06:51:43,0,2
8,99.56888,210.17,100.0211,50,0,5,2023-12-16 12:37:05,0.24237,1
8,99.56888,210.17,100.0211,50,0,5,2023-12-16 12:37:05,0,2
9,99.56415,210.16,100.0159,50,0,5,2023-12-16 18:22:27,0.24237,1
9,99.56415,210.16,100.0159,50,0,5,2023-12-16 18:22:27,0,2
10,99.54993,210.13,100.0002,50,0,5,2023-12-17 00:07:41,0.24237,1
10,99.54993,210.13,100.0002,50,0,5,2023-12-17 00:07:41,0,2
1,99.32727,209.66,100,50,0,6,2024-02-19 22:05:03,0.23738,1
1,99.32727,209.66,100,50,0,6,2024-02-19 22:05:03,0.23738,2
2,99.34622,209.7,100.0151,50,0,6,2024-02-20 03:49:53,0.23738,1
2,99.34622,209.7,100.0151,50,0,6,2024-02-20 03:49:53,0.23738,2
3,99.32727,209.66,100.0006,50,0,6,2024-02-20 09:34:37,0.23738,1
3,99.32727,209.66,100.0006,50,0,6,2024-02-20 09:34:37,0.23738,2
4,99.34622,209.7,100.0162,50,0,6,2024-02-20 15:19:22,0.23738,1
4,99.34622,209.7,100.0162,50,0,6,2024-02-20 15:19:22,0.23738,2
5,99.34148,209.69,100.0133,50,0,6,2024-02-20 21:04:02,0.23738,1
5,99.34148,209.69,100.0133,50,0,6,2024-02-20 21:04:02,0.23738,2
6,99.34148,209.69,100.0106,50,0,6,2024-02-21 02:48:40,0.23738,1
6,99.34148,209.69,100.0106,50,0,6,2024-02-21 02:48:40,0.23738,2
7,99.33674,209.68,100.0072,50,0,6,2024-02-21 08:33:20,0.23738,1
7,99.33674,209.68,100.0072,50,0,6,2024-02-21 08:33:20,0.23738,2
8,99.33201,209.67,100.0047,50,0,6,2024-02-21 14:17:55,0.23738,1
8,99.33201,209.67,100.0047,50,0,6,2024-02-21 14:17:55,0.23738,2
9,99.32253,209.65,99.99575,50,0,6,2024-02-21 20:02:27,0.23738,1
9,99.32253,209.65,99.99575,50,0,6,2024-02-21 20:02:27,0.23738,2
10,99.32253,209.65,99.99519,50,0,6,2024-02-22 01:46:57,0.23738,1
10,99.32253,209.65,99.99519,50,0,6,2024-02-22 01:46:57,0.23738,2
1,100,212.14,100,70,0,1,2022-12-19 21:43:06,0.25551,1
1,100,212.14,100,70,0,1,2022-12-19 21:43:06,0,2
2,100.0471,212.24,100.0482,70,0,1,2022-12-20 03:34:05,0.25551,1
2,100.0471,212.24,100.0482,70,0,1,2022-12-20 03:34:05,0,2
3,100.1037,212.36,100.103,70,0,1,2022-12-20 09:24:43,0.25551,1
3,100.1037,212.36,100.103,70,0,1,2022-12-20 09:24:43,0,2
1,99.00537,210.03,100,70,0,2,2023-05-17 21:53:21,0.26148,1
1,99.00537,210.03,100,70,0,2,2023-05-17 21:53:21,0,2
2,99.07608,210.18,100.073,70,0,2,2023-05-18 03:39:08,0.26148,1
2,99.07608,210.18,100.073,70,0,2,2023-05-18 03:39:08,0,2
3,99.13736,210.31,100.1329,70,0,2,2023-05-18 09:24:58,0.26148,1
3,99.13736,210.31,100.1329,70,0,2,2023-05-18 09:24:58,0,2
4,99.17507,210.39,100.1726,70,0,2,2023-05-18 15:10:48,0.26148,1
4,99.17507,210.39,100.1726,70,0,2,2023-05-18 15:10:48,0,2
5,99.20336,210.45,100.1983,70,0,2,2023-05-18 20:56:33,0.26148,1
5,99.20336,210.45,100.1983,70,0,2,2023-05-18 20:56:33,0,2
6,99.24107,210.53,100.2366,70,0,2,2023-05-19 02:42:22,0.26148,1
6,99.24107,210.53,100.2366,70,0,2,2023-05-19 02:42:22,0,2
7,99.25992,210.57,100.2556,70,0,2,2023-05-19 08:28:11,0.26148,1
7,99.25992,210.57,100.2556,70,0,2,2023-05-19 08:28:11,0,2
8,99.27406,210.6,100.2707,70,0,2,2023-05-19 14:14:02,0.26148,1
8,99.27406,210.6,100.2707,70,0,2,2023-05-19 14:14:02,0,2
9,99.30235,210.66,100.2999,70,0,2,2023-05-19 19:59:55,0.26148,1
9,99.30235,210.66,100.2999,70,0,2,2023-05-19 19:59:55,0,2
10,99.31649,210.69,100.3126,70,0,2,2023-05-20 01:45:46,0.26148,1
10,99.31649,210.69,100.3126,70,0,2,2023-05-20 01:45:46,0,2
1,98.94881,209.91,100,70,0,3,2023-07-21 20:56:14,0.26276,1
1,98.94881,209.91,100,70,0,3,2023-07-21 20:56:14,0,2
2,98.99595,210.01,100.0492,70,0,3,2023-07-22 02:41:05,0.26276,1
2,98.99595,210.01,100.0492,70,0,3,2023-07-22 02:41:05,0,2
3,99.04308,210.11,100.097,70,0,3,2023-07-22 08:26:08,0.26276,1
3,99.04308,210.11,100.097,70,0,3,2023-07-22 08:26:08,0,2
4,99.06194,210.15,100.1152,70,0,3,2023-07-22 14:11:06,0.26276,1
4,99.06194,210.15,100.1152,70,0,3,2023-07-22 14:11:06,0,2
5,99.0808,210.19,100.1331,70,0,3,2023-07-22 19:56:06,0.26276,1
5,99.0808,210.19,100.1331,70,0,3,2023-07-22 19:56:06,0,2
6,99.09965,210.23,100.1529,70,0,3,2023-07-23 01:41:11,0.26276,1
6,99.09965,210.23,100.1529,70,0,3,2023-07-23 01:41:11,0,2
7,99.10437,210.24,100.1578,70,0,3,2023-07-23 07:26:12,0.26276,1
7,99.10437,210.24,100.1578,70,0,3,2023-07-23 07:26:12,0,2
8,99.11851,210.27,100.1732,70,0,3,2023-07-23 13:11:17,0.26276,1
8,99.11851,210.27,100.1732,70,0,3,2023-07-23 13:11:17,0,2
9,99.13265,210.3,100.1865,70,0,3,2023-07-23 18:56:28,0.26276,1
9,99.13265,210.3,100.1865,70,0,3,2023-07-23 18:56:28,0,2
10,99.13265,210.3,100.1843,70,0,3,2023-07-24 00:41:35,0.26276,1
10,99.13265,210.3,100.1843,70,0,3,2023-07-24 00:41:35,0,2
1,98.71311,209.41,100,70,0,4,2023-09-27 15:58:24,0.2635,1
1,98.71311,209.41,100,70,0,4,2023-09-27 15:58:24,0,2
2,98.77439,209.54,100.0625,70,0,4,2023-09-27 21:42:23,0.2635,1
2,98.77439,209.54,100.0625,70,0,4,2023-09-27 21:42:23,0,2
3,98.80739,209.61,100.097,70,0,4,2023-09-28 03:26:25,0.2635,1
3,98.80739,209.61,100.097,70,0,4,2023-09-28 03:26:25,0,2
4,98.83567,209.67,100.1247,70,0,4,2023-09-28 09:10:30,0.2635,1
4,98.83567,209.67,100.1247,70,0,4,2023-09-28 09:10:30,0,2
5,98.84982,209.7,100.14,70,0,4,2023-09-28 14:54:35,0.2635,1
5,98.84982,209.7,100.14,70,0,4,2023-09-28 14:54:35,0,2
6,98.86396,209.73,100.1521,70,0,4,2023-09-28 20:38:42,0.2635,1
6,98.86396,209.73,100.1521,70,0,4,2023-09-28 20:38:42,0,2
7,98.87339,209.75,100.1644,70,0,4,2023-09-29 02:22:57,0.2635,1
7,98.87339,209.75,100.1644,70,0,4,2023-09-29 02:22:57,0,2
8,98.86396,209.73,100.1523,70,0,4,2023-09-29 08:06:59,0.2635,1
8,98.86396,209.73,100.1523,70,0,4,2023-09-29 08:06:59,0,2
9,98.89224,209.79,100.1817,70,0,4,2023-09-29 13:51:16,0.2635,1
9,98.89224,209.79,100.1817,70,0,4,2023-09-29 13:51:16,0,2
10,98.8781,209.76,100.168,70,0,4,2023-09-29 19:35:22,0.2635,1
10,98.8781,209.76,100.168,70,0,4,2023-09-29 19:35:22,0,2
1,98.40671,208.76,100,70,0,5,2023-12-05 21:17:29,0.26256,1
1,98.40671,208.76,100,70,0,5,2023-12-05 21:17:29,0,2
2,98.435,208.82,100.0243,70,0,5,2023-12-06 03:01:28,0.26256,1
2,98.435,208.82,100.0243,70,0,5,2023-12-06 03:01:28,0,2
3,94.59319,200.67,96.12123,70,0,5,2023-12-06 09:00:21,0.26256,1
3,94.59319,200.67,96.12123,70,0,5,2023-12-06 09:00:21,0,2
4,13.94362,29.58,14.16674,70,0,5,2023-12-06 10:14:52,0.26256,1
4,13.94362,29.58,14.16674,70,0,5,2023-12-06 10:14:52,0,2
5,97.19525,206.19,98.76448,70,0,5,2023-12-06 16:07:39,0.26256,1
5,97.19525,206.19,98.76448,70,0,5,2023-12-06 16:07:39,0,2
6,97.2471,206.3,98.81844,70,0,5,2023-12-06 22:03:04,0.26256,1
6,97.2471,206.3,98.81844,70,0,5,2023-12-06 22:03:04,0,2
7,97.25653,206.32,98.82679,70,0,5,2023-12-07 03:58:06,0.26256,1
7,97.25653,206.32,98.82679,70,0,5,2023-12-07 03:58:06,0,2
8,97.26124,206.33,98.83533,70,0,5,2023-12-07 09:53:03,0.26256,1
8,97.26124,206.33,98.83533,70,0,5,2023-12-07 09:53:03,0,2
9,97.27067,206.35,98.84344,70,0,5,2023-12-07 15:47:52,0.26256,1
9,97.27067,206.35,98.84344,70,0,5,2023-12-07 15:47:52,0,2
10,97.27067,206.35,98.84242,70,0,5,2023-12-07 21:42:37,0.26256,1
10,97.27067,206.35,98.84242,70,0,5,2023-12-07 21:42:37,0,2
1,98.13331,208.18,100,70,0,6,2024-02-19 22:31:07,0.27173,1
1,98.13331,208.18,100,70,0,6,2024-02-19 22:31:07,0.27173,2
2,98.20402,208.33,100.0715,70,0,6,2024-02-20 04:13:34,0.27173,1
2,98.20402,208.33,100.0715,70,0,6,2024-02-20 04:13:34,0.27173,2
3,98.22759,208.38,100.099,70,0,6,2024-02-20 09:55:59,0.27173,1
3,98.22759,208.38,100.099,70,0,6,2024-02-20 09:55:59,0.27173,2
4,98.25115,208.43,100.123,70,0,6,2024-02-20 15:38:29,0.27173,1
4,98.25115,208.43,100.123,70,0,6,2024-02-20 15:38:29,0.27173,2
5,98.25587,208.44,100.1269,70,0,6,2024-02-20 21:20:55,0.27173,1
5,98.25587,208.44,100.1269,70,0,6,2024-02-20 21:20:55,0.27173,2
6,98.27944,208.49,100.1495,70,0,6,2024-02-21 03:03:29,0.27173,1
6,98.27944,208.49,100.1495,70,0,6,2024-02-21 03:03:29,0.27173,2
7,98.28415,208.5,100.1556,70,0,6,2024-02-21 08:45:57,0.27173,1
7,98.28415,208.5,100.1556,70,0,6,2024-02-21 08:45:57,0.27173,2
8,98.28887,208.51,100.1616,70,0,6,2024-02-21 14:28:30,0.27173,1
8,98.28887,208.51,100.1616,70,0,6,2024-02-21 14:28:30,0.27173,2
9,98.30301,208.54,100.1744,70,0,6,2024-02-21 20:11:05,0.27173,1
9,98.30301,208.54,100.1744,70,0,6,2024-02-21 20:11:05,0.27173,2
10,98.29829,208.53,100.1683,70,0,6,2024-02-22 01:53:37,0.27173,1
10,98.29829,208.53,100.1683,70,0,6,2024-02-22 01:53:37,0.27173,2
1,100,214.7,100,90,0,1,2022-12-19 21:46:47,0.21204,1
1,100,214.7,100,90,0,1,2022-12-19 21:46:47,0,2
2,100.0373,214.78,100.0374,90,0,1,2022-12-20 03:40:42,0.21204,1
2,100.0373,214.78,100.0374,90,0,1,2022-12-20 03:40:42,0,2
3,100.1071,214.93,100.1059,90,0,1,2022-12-20 09:34:22,0.21204,1
3,100.1071,214.93,100.1059,90,0,1,2022-12-20 09:34:22,0,2
1,97.73172,209.83,100,90,0,2,2023-05-17 22:22:42,0.23263,1
1,97.73172,209.83,100,90,0,2,2023-05-17 22:22:42,0,2
2,97.94597,210.29,100.2163,90,0,2,2023-05-18 04:07:51,0.23263,1
2,97.94597,210.29,100.2163,90,0,2,2023-05-18 04:07:51,0,2
3,98.09502,210.61,100.3694,90,0,2,2023-05-18 09:53:27,0.23263,1
3,98.09502,210.61,100.3694,90,0,2,2023-05-18 09:53:27,0,2
4,98.21146,210.86,100.4915,90,0,2,2023-05-18 15:39:23,0.23263,1
4,98.21146,210.86,100.4915,90,0,2,2023-05-18 15:39:23,0,2
5,98.29995,211.05,100.5801,90,0,2,2023-05-18 21:25:26,0.23263,1
5,98.29995,211.05,100.5801,90,0,2,2023-05-18 21:25:26,0,2
6,98.39311,211.25,100.6751,90,0,2,2023-05-19 03:11:47,0.23263,1
6,98.39311,211.25,100.6751,90,0,2,2023-05-19 03:11:47,0,2
7,98.45831,211.39,100.7436,90,0,2,2023-05-19 08:58:14,0.23263,1
7,98.45831,211.39,100.7436,90,0,2,2023-05-19 08:58:14,0,2
8,98.51421,211.51,100.8001,90,0,2,2023-05-19 14:44:47,0.23263,1
8,98.51421,211.51,100.8001,90,0,2,2023-05-19 14:44:47,0,2
9,98.57941,211.65,100.8664,90,0,2,2023-05-19 20:31:32,0.23263,1
9,98.57941,211.65,100.8664,90,0,2,2023-05-19 20:31:32,0,2
10,98.63531,211.77,100.9221,90,0,2,2023-05-20 02:18:25,0.23263,1
10,98.63531,211.77,100.9221,90,0,2,2023-05-20 02:18:25,0,2
1,98.08104,210.58,100,90,0,3,2023-07-21 21:26:44,0.23661,1
1,98.08104,210.58,100,90,0,3,2023-07-21 21:26:44,0,2
2,98.18351,210.8,100.1064,90,0,3,2023-07-22 03:11:59,0.23661,1
2,98.18351,210.8,100.1064,90,0,3,2023-07-22 03:11:59,0,2
3,98.27667,211,100.1983,90,0,3,2023-07-22 08:57:30,0.23661,1
3,98.27667,211,100.1983,90,0,3,2023-07-22 08:57:30,0,2
4,98.34187,211.14,100.2682,90,0,3,2023-07-22 14:43:16,0.23661,1
4,98.34187,211.14,100.2682,90,0,3,2023-07-22 14:43:16,0,2
5,98.39776,211.26,100.3258,90,0,3,2023-07-22 20:29:08,0.23661,1
5,98.39776,211.26,100.3258,90,0,3,2023-07-22 20:29:08,0,2
6,98.449,211.37,100.3753,90,0,3,2023-07-23 02:15:09,0.23661,1
6,98.449,211.37,100.3753,90,0,3,2023-07-23 02:15:09,0,2
7,98.49558,211.47,100.4218,90,0,3,2023-07-23 08:01:15,0.23661,1
7,98.49558,211.47,100.4218,90,0,3,2023-07-23 08:01:15,0,2
8,98.53749,211.56,100.4668,90,0,3,2023-07-23 13:47:35,0.23661,1
8,98.53749,211.56,100.4668,90,0,3,2023-07-23 13:47:35,0,2
9,98.56544,211.62,100.4964,90,0,3,2023-07-23 19:33:58,0.23661,1
9,98.56544,211.62,100.4964,90,0,3,2023-07-23 19:33:58,0,2
10,98.61202,211.72,100.5411,90,0,3,2023-07-24 01:20:30,0.23661,1
10,98.61202,211.72,100.5411,90,0,3,2023-07-24 01:20:30,0,2
1,98.08104,210.58,100,90,0,4,2023-09-27 16:30:52,0.23958,1
1,98.08104,210.58,100,90,0,4,2023-09-27 16:30:52,0,2
2,98.1742,210.78,100.0919,90,0,4,2023-09-27 22:15:53,0.23958,1
2,98.1742,210.78,100.0919,90,0,4,2023-09-27 22:15:53,0,2
3,98.23475,210.91,100.155,90,0,4,2023-09-28 04:01:02,0.23958,1
3,98.23475,210.91,100.155,90,0,4,2023-09-28 04:01:02,0,2
4,98.28598,211.02,100.2053,90,0,4,2023-09-28 09:46:24,0.23958,1
4,98.28598,211.02,100.2053,90,0,4,2023-09-28 09:46:24,0,2
5,98.33256,211.12,100.2569,90,0,4,2023-09-28 15:31:55,0.23958,1
5,98.33256,211.12,100.2569,90,0,4,2023-09-28 15:31:55,0,2
6,98.37913,211.22,100.3033,90,0,4,2023-09-28 21:17:37,0.23958,1
6,98.37913,211.22,100.3033,90,0,4,2023-09-28 21:17:37,0,2
7,98.41174,211.29,100.3364,90,0,4,2023-09-29 03:03:24,0.23958,1
7,98.41174,211.29,100.3364,90,0,4,2023-09-29 03:03:24,0,2
8,98.42571,211.32,100.3473,90,0,4,2023-09-29 08:49:10,0.23958,1
8,98.42571,211.32,100.3473,90,0,4,2023-09-29 08:49:10,0,2
9,98.45831,211.39,100.3851,90,0,4,2023-09-29 14:35:02,0.23958,1
9,98.45831,211.39,100.3851,90,0,4,2023-09-29 14:35:02,0,2
10,98.4816,211.44,100.406,90,0,4,2023-09-29 20:20:59,0.23958,1
10,98.4816,211.44,100.406,90,0,4,2023-09-29 20:20:59,0,2
1,97.97857,210.36,100,90,0,5,2023-12-05 21:49:50,0.24182,1
1,97.97857,210.36,100,90,0,5,2023-12-05 21:49:50,0,2
2,98.04844,210.51,100.072,90,0,5,2023-12-06 03:34:26,0.24182,1
2,98.04844,210.51,100.072,90,0,5,2023-12-06 03:34:26,0,2
3,98.10899,210.64,100.1347,90,0,5,2023-12-06 09:19:11,0.24182,1
3,98.10899,210.64,100.1347,90,0,5,2023-12-06 09:19:11,0,2
4,98.14625,210.72,100.1692,90,0,5,2023-12-06 15:04:03,0.24182,1
4,98.14625,210.72,100.1692,90,0,5,2023-12-06 15:04:03,0,2
5,98.19283,210.82,100.2175,90,0,5,2023-12-06 20:49:07,0.24182,1
5,98.19283,210.82,100.2175,90,0,5,2023-12-06 20:49:07,0,2
6,98.21612,210.87,100.2432,90,0,5,2023-12-07 02:34:12,0.24182,1
6,98.21612,210.87,100.2432,90,0,5,2023-12-07 02:34:12,0,2
7,98.24406,210.93,100.2687,90,0,5,2023-12-07 08:19:20,0.24182,1
7,98.24406,210.93,100.2687,90,0,5,2023-12-07 08:19:20,0,2
8,98.25803,210.96,100.2862,90,0,5,2023-12-07 14:04:30,0.24182,1
8,98.25803,210.96,100.2862,90,0,5,2023-12-07 14:04:30,0,2
9,98.28598,211.02,100.3118,90,0,5,2023-12-07 19:49:44,0.24182,1
9,98.28598,211.02,100.3118,90,0,5,2023-12-07 19:49:44,0,2
10,98.29995,211.05,100.3261,90,0,5,2023-12-08 01:35:01,0.24182,1
10,98.29995,211.05,100.3261,90,0,5,2023-12-08 01:35:01,0,2
1,97.8109,210,100,90,0,6,2024-02-19 23:02:26,0.46913,1
1,97.8109,210,100,90,0,6,2024-02-19 23:02:26,0.46913,2
2,97.88076,210.15,100.075,90,0,6,2024-02-20 04:46:30,0.46913,1
2,97.88076,210.15,100.075,90,0,6,2024-02-20 04:46:30,0.46913,2
3,97.92734,210.25,100.1193,90,0,6,2024-02-20 10:30:37,0.46913,1
3,97.92734,210.25,100.1193,90,0,6,2024-02-20 10:30:37,0.46913,2
4,97.97392,210.35,100.1671,90,0,6,2024-02-20 16:14:57,0.46913,1
4,97.97392,210.35,100.1671,90,0,6,2024-02-20 16:14:57,0.46913,2
5,97.99721,210.4,100.1909,90,0,6,2024-02-20 21:59:19,0.46913,1
5,97.99721,210.4,100.1909,90,0,6,2024-02-20 21:59:19,0.46913,2
6,98.01584,210.44,100.2125,90,0,6,2024-02-21 03:43:42,0.46913,1
6,98.01584,210.44,100.2125,90,0,6,2024-02-21 03:43:42,0.46913,2
7,98.04378,210.5,100.2381,90,0,6,2024-02-21 09:28:12,0.46913,1
7,98.04378,210.5,100.2381,90,0,6,2024-02-21 09:28:12,0.46913,2
8,98.06707,210.55,100.2624,90,0,6,2024-02-21 15:12:44,0.46913,1
8,98.06707,210.55,100.2624,90,0,6,2024-02-21 15:12:44,0.46913,2
9,98.0857,210.59,100.2809,90,0,6,2024-02-21 20:57:22,0.46913,1
9,98.0857,210.59,100.2809,90,0,6,2024-02-21 20:57:22,0.46913,2
10,98.09502,210.61,100.2923,90,0,6,2024-02-22 02:41:58,0.46913,1
10,98.09502,210.61,100.2923,90,0,6,2024-02-22 02:41:58,0.46913,2
1,100,207.56,100,10,10,1,2022-12-19 21:40:11,0.17241,1
1,100,207.56,100,10,10,1,2022-12-19 21:40:11,0,2
2,99.79765,207.14,99.79519,10,10,1,2022-12-20 03:19:20,0.17241,1
2,99.79765,207.14,99.79519,10,10,1,2022-12-20 03:19:20,0,2
3,99.63384,206.8,99.6311,10,10,1,2022-12-20 08:58:00,0.17241,1
3,99.63384,206.8,99.6311,10,10,1,2022-12-20 08:58:00,0,2
1,99.45558,206.43,100,10,10,2,2023-05-17 20:16:45,0.17915,1
1,99.45558,206.43,100,10,10,2,2023-05-17 20:16:45,0,2
2,99.44113,206.4,99.98384,10,10,2,2023-05-18 01:53:54,0.17915,1
2,99.44113,206.4,99.98384,10,10,2,2023-05-18 01:53:54,0,2
3,99.39295,206.3,99.93659,10,10,2,2023-05-18 07:30:41,0.17915,1
3,99.39295,206.3,99.93659,10,10,2,2023-05-18 07:30:41,0,2
4,99.29659,206.1,99.83622,10,10,2,2023-05-18 13:07:45,0.17915,1
4,99.29659,206.1,99.83622,10,10,2,2023-05-18 13:07:45,0,2
5,89.43438,185.63,89.92026,10,10,2,2023-05-18 19:22:26,0.17915,1
5,89.43438,185.63,89.92026,10,10,2,2023-05-18 19:22:26,0,2
6,90.39314,187.62,90.88518,10,10,2,2023-05-19 01:08:14,0.17915,1
6,90.39314,187.62,90.88518,10,10,2,2023-05-19 01:08:14,0,2
7,90.29678,187.42,90.79085,10,10,2,2023-05-19 06:52:20,0.17915,1
7,90.29678,187.42,90.79085,10,10,2,2023-05-19 06:52:20,0,2
8,90.2197,187.26,90.71124,10,10,2,2023-05-19 12:35:40,0.17915,1
8,90.2197,187.26,90.71124,10,10,2,2023-05-19 12:35:40,0,2
9,90.26306,187.35,90.75677,10,10,2,2023-05-19 18:18:00,0.17915,1
9,90.26306,187.35,90.75677,10,10,2,2023-05-19 18:18:00,0,2
10,90.27269,187.37,90.76421,10,10,2,2023-05-20 00:00:22,0.17915,1
10,90.27269,187.37,90.76421,10,10,2,2023-05-20 00:00:22,0,2
1,98.71362,204.89,100,10,10,3,2023-07-21 19:28:56,0.18356,1
1,98.71362,204.89,100,10,10,3,2023-07-21 19:28:56,0,2
2,98.72808,204.92,100.0121,10,10,3,2023-07-22 01:03:15,0.18356,1
2,98.72808,204.92,100.0121,10,10,3,2023-07-22 01:03:15,0,2
3,98.7329,204.93,100.0209,10,10,3,2023-07-22 06:37:25,0.18356,1
3,98.7329,204.93,100.0209,10,10,3,2023-07-22 06:37:25,0,2
4,98.73771,204.94,100.0249,10,10,3,2023-07-22 12:11:36,0.18356,1
4,98.73771,204.94,100.0249,10,10,3,2023-07-22 12:11:36,0,2
5,98.7329,204.93,100.0184,10,10,3,2023-07-22 17:45:35,0.18356,1
5,98.7329,204.93,100.0184,10,10,3,2023-07-22 17:45:35,0,2
6,98.73771,204.94,100.0236,10,10,3,2023-07-22 23:19:35,0.18356,1
6,98.73771,204.94,100.0236,10,10,3,2023-07-22 23:19:35,0,2
7,98.73771,204.94,100.0211,10,10,3,2023-07-23 04:53:24,0.18356,1
7,98.73771,204.94,100.0211,10,10,3,2023-07-23 04:53:24,0,2
8,98.74253,204.95,100.0281,10,10,3,2023-07-23 10:27:18,0.18356,1
8,98.74253,204.95,100.0281,10,10,3,2023-07-23 10:27:18,0,2
9,98.7329,204.93,100.0206,10,10,3,2023-07-23 16:01:04,0.18356,1
9,98.7329,204.93,100.0206,10,10,3,2023-07-23 16:01:04,0,2
10,98.73771,204.94,100.0238,10,10,3,2023-07-23 21:34:45,0.18356,1
10,98.73771,204.94,100.0238,10,10,3,2023-07-23 21:34:45,0,2
1,98.57872,204.61,100,10,10,4,2023-09-27 14:20:52,0.18311,1
1,98.57872,204.61,100,10,10,4,2023-09-27 14:20:52,0,2
2,98.55463,204.56,99.97403,10,10,4,2023-09-27 19:54:30,0.18311,1
2,98.55463,204.56,99.97403,10,10,4,2023-09-27 19:54:30,0,2
3,98.545,204.54,99.96726,10,10,4,2023-09-28 01:27:57,0.18311,1
3,98.545,204.54,99.96726,10,10,4,2023-09-28 01:27:57,0,2
4,98.52573,204.5,99.94757,10,10,4,2023-09-28 07:01:14,0.18311,1
4,98.52573,204.5,99.94757,10,10,4,2023-09-28 07:01:14,0,2
5,98.52091,204.49,99.94178,10,10,4,2023-09-28 12:34:33,0.18311,1
5,98.52091,204.49,99.94178,10,10,4,2023-09-28 12:34:33,0,2
6,98.50164,204.45,99.92262,10,10,4,2023-09-28 18:07:37,0.18311,1
6,98.50164,204.45,99.92262,10,10,4,2023-09-28 18:07:37,0,2
7,98.49682,204.44,99.91574,10,10,4,2023-09-28 23:40:37,0.18311,1
7,98.49682,204.44,99.91574,10,10,4,2023-09-28 23:40:37,0,2
8,98.50164,204.45,99.92155,10,10,4,2023-09-29 05:13:39,0.18311,1
8,98.50164,204.45,99.92155,10,10,4,2023-09-29 05:13:39,0,2
9,98.48718,204.42,99.90816,10,10,4,2023-09-29 10:46:35,0.18311,1
9,98.48718,204.42,99.90816,10,10,4,2023-09-29 10:46:35,0,2
10,98.47755,204.4,99.89847,10,10,4,2023-09-29 16:19:27,0.18311,1
10,98.47755,204.4,99.89847,10,10,4,2023-09-29 16:19:27,0,2
1,98.38601,204.21,100,10,10,5,2023-12-05 19:40:59,0.1849,1
1,98.38601,204.21,100,10,10,5,2023-12-05 19:40:59,0,2
2,98.37637,204.19,99.98586,10,10,5,2023-12-06 01:13:52,0.1849,1
2,98.37637,204.19,99.98586,10,10,5,2023-12-06 01:13:52,0,2
3,98.34265,204.12,99.9544,10,10,5,2023-12-06 06:46:29,0.1849,1
3,98.34265,204.12,99.9544,10,10,5,2023-12-06 06:46:29,0,2
4,98.34265,204.12,99.9519,10,10,5,2023-12-06 12:19:09,0.1849,1
4,98.34265,204.12,99.9519,10,10,5,2023-12-06 12:19:09,0,2
5,98.31374,204.06,99.92637,10,10,5,2023-12-06 17:51:31,0.1849,1
5,98.31374,204.06,99.92637,10,10,5,2023-12-06 17:51:31,0,2
6,98.31374,204.06,99.92519,10,10,5,2023-12-06 23:23:55,0.1849,1
6,98.31374,204.06,99.92519,10,10,5,2023-12-06 23:23:55,0,2
7,98.29929,204.03,99.91181,10,10,5,2023-12-07 04:56:18,0.1849,1
7,98.29929,204.03,99.91181,10,10,5,2023-12-07 04:56:18,0,2
8,98.28965,204.01,99.89867,10,10,5,2023-12-07 10:28:34,0.1849,1
8,98.28965,204.01,99.89867,10,10,5,2023-12-07 10:28:34,0,2
9,98.26556,203.96,99.87393,10,10,5,2023-12-07 16:00:37,0.1849,1
9,98.26556,203.96,99.87393,10,10,5,2023-12-07 16:00:37,0,2
10,98.25593,203.94,99.86768,10,10,5,2023-12-07 21:32:44,0.1849,1
10,98.25593,203.94,99.86768,10,10,5,2023-12-07 21:32:44,0,2
1,98.07285,203.56,100,10,10,6,2024-02-19 20:54:15,0.19377,1
1,98.07285,203.56,100,10,10,6,2024-02-19 20:54:15,0.19377,2
2,98.06803,203.55,99.99532,10,10,6,2024-02-20 02:26:18,0.19377,1
2,98.06803,203.55,99.99532,10,10,6,2024-02-20 02:26:18,0.19377,2
3,98.02467,203.46,99.95114,10,10,6,2024-02-20 07:57:58,0.19377,1
3,98.02467,203.46,99.95114,10,10,6,2024-02-20 07:57:58,0.19377,2
4,98.0054,203.42,99.93025,10,10,6,2024-02-20 13:29:32,0.19377,1
4,98.0054,203.42,99.93025,10,10,6,2024-02-20 13:29:32,0.19377,2
5,97.98612,203.38,99.91015,10,10,6,2024-02-20 19:00:59,0.19377,1
5,97.98612,203.38,99.91015,10,10,6,2024-02-20 19:00:59,0.19377,2
6,97.97167,203.35,99.89305,10,10,6,2024-02-21 00:32:16,0.19377,1
6,97.97167,203.35,99.89305,10,10,6,2024-02-21 00:32:16,0.19377,2
7,97.96204,203.33,99.88692,10,10,6,2024-02-21 06:03:40,0.19377,1
7,97.96204,203.33,99.88692,10,10,6,2024-02-21 06:03:40,0.19377,2
8,97.92831,203.26,99.85343,10,10,6,2024-02-21 11:34:48,0.19377,1
8,97.92831,203.26,99.85343,10,10,6,2024-02-21 11:34:48,0.19377,2
9,97.92349,203.25,99.84844,10,10,6,2024-02-21 17:05:54,0.19377,1
9,97.92349,203.25,99.84844,10,10,6,2024-02-21 17:05:54,0.19377,2
10,97.90904,203.22,99.83374,10,10,6,2024-02-21 22:36:56,0.19377,1
10,97.90904,203.22,99.83374,10,10,6,2024-02-21 22:36:56,0.19377,2
1,100,207.03,100,30,10,1,2022-12-19 21:20:54,0.25976,1
1,100,207.03,100,30,10,1,2022-12-19 21:20:54,0,2
2,99.9034,206.83,99.90108,30,10,1,2022-12-20 02:58:54,0.25976,1
2,99.9034,206.83,99.90108,30,10,1,2022-12-20 02:58:54,0,2
3,99.81645,206.65,99.81518,30,10,1,2022-12-20 08:36:19,0.25976,1
3,99.81645,206.65,99.81518,30,10,1,2022-12-20 08:36:19,0,2
1,98.2418,203.39,100,30,10,2,2023-05-17 20:43:49,0.24225,1
1,98.2418,203.39,100,30,10,2,2023-05-17 20:43:49,0,2
2,98.21282,203.33,99.97513,30,10,2,2023-05-18 02:16:47,0.24225,1
2,98.21282,203.33,99.97513,30,10,2,2023-05-18 02:16:47,0,2
3,98.20799,203.32,99.96631,30,10,2,2023-05-18 07:49:31,0.24225,1
3,98.20799,203.32,99.96631,30,10,2,2023-05-18 07:49:31,0,2
4,98.19833,203.3,99.95666,30,10,2,2023-05-18 13:22:03,0.24225,1
4,98.19833,203.3,99.95666,30,10,2,2023-05-18 13:22:03,0,2
5,98.1935,203.29,99.95067,30,10,2,2023-05-18 18:54:27,0.24225,1
5,98.1935,203.29,99.95067,30,10,2,2023-05-18 18:54:27,0,2
6,98.19833,203.3,99.96009,30,10,2,2023-05-19 00:26:49,0.24225,1
6,98.19833,203.3,99.96009,30,10,2,2023-05-19 00:26:49,0,2
7,98.20316,203.31,99.96102,30,10,2,2023-05-19 05:59:06,0.24225,1
7,98.20316,203.31,99.96102,30,10,2,2023-05-19 05:59:06,0,2
8,98.1935,203.29,99.95499,30,10,2,2023-05-19 11:31:22,0.24225,1
8,98.1935,203.29,99.95499,30,10,2,2023-05-19 11:31:22,0,2
9,98.18867,203.28,99.94716,30,10,2,2023-05-19 17:03:27,0.24225,1
9,98.18867,203.28,99.94716,30,10,2,2023-05-19 17:03:27,0,2
10,98.1935,203.29,99.9508,30,10,2,2023-05-19 22:35:29,0.24225,1
10,98.1935,203.29,99.9508,30,10,2,2023-05-19 22:35:29,0,2
1,97.69116,202.25,100,30,10,3,2023-07-21 19:42:09,0.2381,1
1,97.69116,202.25,100,30,10,3,2023-07-21 19:42:09,0,2
2,97.70082,202.27,100.0075,30,10,3,2023-07-22 01:12:49,0.2381,1
2,97.70082,202.27,100.0075,30,10,3,2023-07-22 01:12:49,0,2
3,97.69599,202.26,100.0053,30,10,3,2023-07-22 06:43:23,0.2381,1
3,97.69599,202.26,100.0053,30,10,3,2023-07-22 06:43:23,0,2
4,97.71048,202.29,100.0201,30,10,3,2023-07-22 12:13:58,0.2381,1
4,97.71048,202.29,100.0201,30,10,3,2023-07-22 12:13:58,0,2
5,97.72497,202.32,100.0335,30,10,3,2023-07-22 17:44:35,0.2381,1
5,97.72497,202.32,100.0335,30,10,3,2023-07-22 17:44:35,0,2
6,97.71531,202.3,100.0254,30,10,3,2023-07-22 23:15:00,0.2381,1
6,97.71531,202.3,100.0254,30,10,3,2023-07-22 23:15:00,0,2
7,97.7298,202.33,100.0402,30,10,3,2023-07-23 04:45:29,0.2381,1
7,97.7298,202.33,100.0402,30,10,3,2023-07-23 04:45:29,0,2
8,97.73463,202.34,100.0427,30,10,3,2023-07-23 10:15:58,0.2381,1
8,97.73463,202.34,100.0427,30,10,3,2023-07-23 10:15:58,0,2
9,97.73946,202.35,100.0477,30,10,3,2023-07-23 15:46:21,0.2381,1
9,97.73946,202.35,100.0477,30,10,3,2023-07-23 15:46:21,0,2
10,97.74429,202.36,100.0544,30,10,3,2023-07-23 21:16:38,0.2381,1
10,97.74429,202.36,100.0544,30,10,3,2023-07-23 21:16:38,0,2
1,83.94919,173.8,100,30,10,4,2023-09-27 15:35:50,0.22192,1
1,83.94919,173.8,100,30,10,4,2023-09-27 15:35:50,0,2
2,79.0127,163.58,94.11776,30,10,4,2023-09-27 21:06:19,0.22192,1
2,79.0127,163.58,94.11776,30,10,4,2023-09-27 21:06:19,0,2
3,67.0241,138.76,79.83924,30,10,4,2023-09-28 02:27:59,0.22192,1
3,67.0241,138.76,79.83924,30,10,4,2023-09-28 02:27:59,0,2
4,68.76298,142.36,81.90956,30,10,4,2023-09-28 07:51:06,0.22192,1
4,68.76298,142.36,81.90956,30,10,4,2023-09-28 07:51:06,0,2
5,92.76433,192.05,110.4964,30,10,4,2023-09-28 13:25:14,0.22192,1
5,92.76433,192.05,110.4964,30,10,4,2023-09-28 13:25:14,0,2
6,92.59528,191.7,110.2962,30,10,4,2023-09-28 19:00:08,0.22192,1
6,92.59528,191.7,110.2962,30,10,4,2023-09-28 19:00:08,0,2
7,92.51316,191.53,110.2017,30,10,4,2023-09-29 00:34:09,0.22192,1
7,92.51316,191.53,110.2017,30,10,4,2023-09-29 00:34:09,0,2
8,92.60011,191.71,110.3023,30,10,4,2023-09-29 06:08:56,0.22192,1
8,92.60011,191.71,110.3023,30,10,4,2023-09-29 06:08:56,0,2
9,92.20886,190.9,109.8378,30,10,4,2023-09-29 11:42:51,0.22192,1
9,92.20886,190.9,109.8378,30,10,4,2023-09-29 11:42:51,0,2
10,92.36343,191.22,110.0214,30,10,4,2023-09-29 17:19:06,0.22192,1
10,92.36343,191.22,110.0214,30,10,4,2023-09-29 17:19:06,0,2
1,96.37251,199.52,100,30,10,5,2023-12-05 20:07:43,0.23545,1
1,96.37251,199.52,100,30,10,5,2023-12-05 20:07:43,0,2
2,96.42564,199.63,100.0561,30,10,5,2023-12-06 01:35:29,0.23545,1
2,96.42564,199.63,100.0561,30,10,5,2023-12-06 01:35:29,0,2
3,96.44979,199.68,100.08,30,10,5,2023-12-06 07:03:16,0.23545,1
3,96.44979,199.68,100.08,30,10,5,2023-12-06 07:03:16,0,2
4,96.47877,199.74,100.1107,30,10,5,2023-12-06 12:31:06,0.23545,1
4,96.47877,199.74,100.1107,30,10,5,2023-12-06 12:31:06,0,2
5,96.48843,199.76,100.1229,30,10,5,2023-12-06 17:58:55,0.23545,1
5,96.48843,199.76,100.1229,30,10,5,2023-12-06 17:58:55,0,2
6,96.50292,199.79,100.1371,30,10,5,2023-12-06 23:26:49,0.23545,1
6,96.50292,199.79,100.1371,30,10,5,2023-12-06 23:26:49,0,2
7,96.5319,199.85,100.1649,30,10,5,2023-12-07 04:54:47,0.23545,1
7,96.5319,199.85,100.1649,30,10,5,2023-12-07 04:54:47,0,2
8,96.5319,199.85,100.1675,30,10,5,2023-12-07 10:22:42,0.23545,1
8,96.5319,199.85,100.1675,30,10,5,2023-12-07 10:22:42,0,2
9,96.54156,199.87,100.1772,30,10,5,2023-12-07 15:50:33,0.23545,1
9,96.54156,199.87,100.1772,30,10,5,2023-12-07 15:50:33,0,2
10,96.56572,199.92,100.2005,30,10,5,2023-12-07 21:18:34,0.23545,1
10,96.56572,199.92,100.2005,30,10,5,2023-12-07 21:18:34,0,2
1,95.92813,198.6,100,30,10,6,2024-02-19 21:17:28,0.23115,1
1,95.92813,198.6,100,30,10,6,2024-02-19 21:17:28,0.23115,2
2,95.94262,198.63,100.012,30,10,6,2024-02-20 02:44:53,0.23115,1
2,95.94262,198.63,100.012,30,10,6,2024-02-20 02:44:53,0.23115,2
3,95.94262,198.63,100.0131,30,10,6,2024-02-20 08:12:12,0.23115,1
3,95.94262,198.63,100.0131,30,10,6,2024-02-20 08:12:12,0.23115,2
4,95.95711,198.66,100.0314,30,10,6,2024-02-20 13:39:38,0.23115,1
4,95.95711,198.66,100.0314,30,10,6,2024-02-20 13:39:38,0.23115,2
5,95.95228,198.65,100.0264,30,10,6,2024-02-20 19:06:55,0.23115,1
5,95.95228,198.65,100.0264,30,10,6,2024-02-20 19:06:55,0.23115,2
6,95.95711,198.66,100.0308,30,10,6,2024-02-21 00:34:10,0.23115,1
6,95.95711,198.66,100.0308,30,10,6,2024-02-21 00:34:10,0.23115,2
7,95.97643,198.7,100.047,30,10,6,2024-02-21 06:01:32,0.23115,1
7,95.97643,198.7,100.047,30,10,6,2024-02-21 06:01:32,0.23115,2
8,95.9716,198.69,100.043,30,10,6,2024-02-21 11:28:50,0.23115,1
8,95.9716,198.69,100.043,30,10,6,2024-02-21 11:28:50,0.23115,2
9,95.96194,198.67,100.0348,30,10,6,2024-02-21 16:56:08,0.23115,1
9,95.96194,198.67,100.0348,30,10,6,2024-02-21 16:56:08,0.23115,2
10,95.95711,198.66,100.0268,30,10,6,2024-02-21 22:23:19,0.23115,1
10,95.95711,198.66,100.0268,30,10,6,2024-02-21 22:23:19,0.23115,2
1,100,206.64,100,50,10,1,2022-12-19 21:10:32,0.24377,1
1,100,206.64,100,50,10,1,2022-12-19 21:10:32,0,2
2,99.91289,206.46,99.91095,50,10,1,2022-12-20 02:48:22,0.24377,1
2,99.91289,206.46,99.91095,50,10,1,2022-12-20 02:48:22,0,2
3,99.8403,206.31,99.83931,50,10,1,2022-12-20 08:25:33,0.24377,1
3,99.8403,206.31,99.83931,50,10,1,2022-12-20 08:25:33,0,2
1,96.99961,200.44,100,50,10,2,2023-05-17 21:08:08,0.22826,1
1,96.99961,200.44,100,50,10,2,2023-05-17 21:08:08,0,2
2,97.00445,200.45,100.0033,50,10,2,2023-05-18 02:37:20,0.22826,1
2,97.00445,200.45,100.0033,50,10,2,2023-05-18 02:37:20,0,2
3,97.01897,200.48,100.0182,50,10,2,2023-05-18 08:06:25,0.22826,1
3,97.01897,200.48,100.0182,50,10,2,2023-05-18 08:06:25,0,2
4,97.03349,200.51,100.0329,50,10,2,2023-05-18 13:35:26,0.22826,1
4,97.03349,200.51,100.0329,50,10,2,2023-05-18 13:35:26,0,2
5,97.04317,200.53,100.0454,50,10,2,2023-05-18 19:04:21,0.22826,1
5,97.04317,200.53,100.0454,50,10,2,2023-05-18 19:04:21,0,2
6,97.06252,200.57,100.0657,50,10,2,2023-05-19 00:33:16,0.22826,1
6,97.06252,200.57,100.0657,50,10,2,2023-05-19 00:33:16,0,2
7,97.07704,200.6,100.0818,50,10,2,2023-05-19 06:02:06,0.22826,1
7,97.07704,200.6,100.0818,50,10,2,2023-05-19 06:02:06,0,2
8,97.10124,200.65,100.104,50,10,2,2023-05-19 11:30:54,0.22826,1
8,97.10124,200.65,100.104,50,10,2,2023-05-19 11:30:54,0,2
9,97.10124,200.65,100.1061,50,10,2,2023-05-19 16:59:40,0.22826,1
9,97.10124,200.65,100.1061,50,10,2,2023-05-19 16:59:40,0,2
10,97.13027,200.71,100.1358,50,10,2,2023-05-19 22:28:25,0.22826,1
10,97.13027,200.71,100.1358,50,10,2,2023-05-19 22:28:25,0,2
1,96.79152,200.01,100,50,10,3,2023-07-21 20:04:13,0.22502,1
1,96.79152,200.01,100,50,10,3,2023-07-21 20:04:13,0,2
2,96.84475,200.12,100.0557,50,10,3,2023-07-22 01:30:58,0.22502,1
2,96.84475,200.12,100.0557,50,10,3,2023-07-22 01:30:58,0,2
3,96.89315,200.22,100.1027,50,10,3,2023-07-22 06:57:49,0.22502,1
3,96.89315,200.22,100.1027,50,10,3,2023-07-22 06:57:49,0,2
4,96.92702,200.29,100.1388,50,10,3,2023-07-22 12:24:43,0.22502,1
4,96.92702,200.29,100.1388,50,10,3,2023-07-22 12:24:43,0,2
5,96.95122,200.34,100.1622,50,10,3,2023-07-22 17:51:33,0.22502,1
5,96.95122,200.34,100.1622,50,10,3,2023-07-22 17:51:33,0,2
6,96.98993,200.42,100.2031,50,10,3,2023-07-22 23:18:39,0.22502,1
6,96.98993,200.42,100.2031,50,10,3,2023-07-22 23:18:39,0,2
7,96.99477,200.43,100.2096,50,10,3,2023-07-23 04:45:34,0.22502,1
7,96.99477,200.43,100.2096,50,10,3,2023-07-23 04:45:34,0,2
8,97.02381,200.49,100.2387,50,10,3,2023-07-23 10:12:37,0.22502,1
8,97.02381,200.49,100.2387,50,10,3,2023-07-23 10:12:37,0,2
9,97.05285,200.55,100.2692,50,10,3,2023-07-23 15:39:45,0.22502,1
9,97.05285,200.55,100.2692,50,10,3,2023-07-23 15:39:45,0,2
10,97.05768,200.56,100.275,50,10,3,2023-07-23 21:06:52,0.22502,1
10,97.05768,200.56,100.275,50,10,3,2023-07-23 21:06:52,0,2
1,96.44793,199.3,100,50,10,4,2023-09-27 15:07:46,0.2209,1
1,96.44793,199.3,100,50,10,4,2023-09-27 15:07:46,0,2
2,96.50116,199.41,100.0555,50,10,4,2023-09-27 20:33:18,0.2209,1
2,96.50116,199.41,100.0555,50,10,4,2023-09-27 20:33:18,0,2
3,96.54472,199.5,100.1008,50,10,4,2023-09-28 01:58:57,0.2209,1
3,96.54472,199.5,100.1008,50,10,4,2023-09-28 01:58:57,0,2
4,96.55923,199.53,100.1164,50,10,4,2023-09-28 07:24:34,0.2209,1
4,96.55923,199.53,100.1164,50,10,4,2023-09-28 07:24:34,0,2
5,96.59311,199.6,100.1511,50,10,4,2023-09-28 12:50:16,0.2209,1
5,96.59311,199.6,100.1511,50,10,4,2023-09-28 12:50:16,0,2
6,96.61247,199.64,100.173,50,10,4,2023-09-28 18:16:04,0.2209,1
6,96.61247,199.64,100.173,50,10,4,2023-09-28 18:16:04,0,2
7,96.6415,199.7,100.1995,50,10,4,2023-09-28 23:41:54,0.2209,1
7,96.6415,199.7,100.1995,50,10,4,2023-09-28 23:41:54,0,2
8,96.65118,199.72,100.2112,50,10,4,2023-09-29 05:07:39,0.2209,1
8,96.65118,199.72,100.2112,50,10,4,2023-09-29 05:07:39,0,2
9,96.68022,199.78,100.2431,50,10,4,2023-09-29 10:33:31,0.2209,1
9,96.68022,199.78,100.2431,50,10,4,2023-09-29 10:33:31,0,2
10,96.6657,199.75,100.2278,50,10,4,2023-09-29 15:59:15,0.2209,1
10,96.6657,199.75,100.2278,50,10,4,2023-09-29 15:59:15,0,2
1,96.14789,198.68,100,50,10,5,2023-12-05 20:27:42,0.21852,1
1,96.14789,198.68,100,50,10,5,2023-12-05 20:27:42,0,2
2,96.19144,198.77,100.0448,50,10,5,2023-12-06 01:52:19,0.21852,1
2,96.19144,198.77,100.0448,50,10,5,2023-12-06 01:52:19,0,2
3,96.21564,198.82,100.067,50,10,5,2023-12-06 07:16:50,0.21852,1
3,96.21564,198.82,100.067,50,10,5,2023-12-06 07:16:50,0,2
4,96.24468,198.88,100.1006,50,10,5,2023-12-06 12:41:26,0.21852,1
4,96.24468,198.88,100.1006,50,10,5,2023-12-06 12:41:26,0,2
5,96.27371,198.94,100.1294,50,10,5,2023-12-06 18:06:07,0.21852,1
5,96.27371,198.94,100.1294,50,10,5,2023-12-06 18:06:07,0,2
6,96.28339,198.96,100.1395,50,10,5,2023-12-06 23:30:45,0.21852,1
6,96.28339,198.96,100.1395,50,10,5,2023-12-06 23:30:45,0,2
7,96.29791,198.99,100.1531,50,10,5,2023-12-07 04:55:22,0.21852,1
7,96.29791,198.99,100.1531,50,10,5,2023-12-07 04:55:22,0,2
8,96.31727,199.03,100.1727,50,10,5,2023-12-07 10:20:03,0.21852,1
8,96.31727,199.03,100.1727,50,10,5,2023-12-07 10:20:03,0,2
9,96.33178,199.06,100.1922,50,10,5,2023-12-07 15:44:49,0.21852,1
9,96.33178,199.06,100.1922,50,10,5,2023-12-07 15:44:49,0,2
10,96.35114,199.1,100.2089,50,10,5,2023-12-07 21:09:39,0.21852,1
10,96.35114,199.1,100.2089,50,10,5,2023-12-07 21:09:39,0,2
1,95.80914,197.98,100,50,10,6,2024-02-19 21:40:18,0.22511,1
1,95.80914,197.98,100,50,10,6,2024-02-19 21:40:18,0.22511,2
2,95.86721,198.1,100.0593,50,10,6,2024-02-20 03:03:58,0.22511,1
2,95.86721,198.1,100.0593,50,10,6,2024-02-20 03:03:58,0.22511,2
3,95.88657,198.14,100.079,50,10,6,2024-02-20 08:27:30,0.22511,1
3,95.88657,198.14,100.079,50,10,6,2024-02-20 08:27:30,0.22511,2
4,95.90108,198.17,100.0953,50,10,6,2024-02-20 13:51:01,0.22511,1
4,95.90108,198.17,100.0953,50,10,6,2024-02-20 13:51:01,0.22511,2
5,95.9398,198.25,100.1382,50,10,6,2024-02-20 19:14:42,0.22511,1
5,95.9398,198.25,100.1382,50,10,6,2024-02-20 19:14:42,0.22511,2
6,95.95432,198.28,100.1519,50,10,6,2024-02-21 00:38:28,0.22511,1
6,95.95432,198.28,100.1519,50,10,6,2024-02-21 00:38:28,0.22511,2
7,95.964,198.3,100.1615,50,10,6,2024-02-21 06:02:10,0.22511,1
7,95.964,198.3,100.1615,50,10,6,2024-02-21 06:02:10,0.22511,2
8,95.96883,198.31,100.1669,50,10,6,2024-02-21 11:25:47,0.22511,1
8,95.96883,198.31,100.1669,50,10,6,2024-02-21 11:25:47,0.22511,2
9,95.98335,198.34,100.1844,50,10,6,2024-02-21 16:49:30,0.22511,1
9,95.98335,198.34,100.1844,50,10,6,2024-02-21 16:49:30,0.22511,2
10,95.98819,198.35,100.1895,50,10,6,2024-02-21 22:13:11,0.22511,1
10,95.98819,198.35,100.1895,50,10,6,2024-02-21 22:13:11,0.22511,2
1,100,208.06,100,70,10,1,2022-12-19 21:40:09,0.24952,1
1,100,208.06,100,70,10,1,2022-12-19 21:40:09,0,2
2,99.93752,207.93,99.93781,70,10,1,2022-12-20 03:19:21,0.24952,1
2,99.93752,207.93,99.93781,70,10,1,2022-12-20 03:19:21,0,2
3,99.86062,207.77,99.86281,70,10,1,2022-12-20 08:57:57,0.24952,1
3,99.86062,207.77,99.86281,70,10,1,2022-12-20 08:57:57,0,2
1,96.35201,200.47,100,70,10,2,2023-05-17 21:33:03,0.2453,1
1,96.35201,200.47,100,70,10,2,2023-05-17 21:33:03,0,2
2,96.38085,200.53,100.0316,70,10,2,2023-05-18 03:00:33,0.2453,1
2,96.38085,200.53,100.0316,70,10,2,2023-05-18 03:00:33,0,2
3,96.40008,200.57,100.0497,70,10,2,2023-05-18 08:27:52,0.2453,1
3,96.40008,200.57,100.0497,70,10,2,2023-05-18 08:27:52,0,2
4,96.43853,200.65,100.0926,70,10,2,2023-05-18 13:55:17,0.2453,1
4,96.43853,200.65,100.0926,70,10,2,2023-05-18 13:55:17,0,2
5,96.46737,200.71,100.1205,70,10,2,2023-05-18 19:22:45,0.2453,1
5,96.46737,200.71,100.1205,70,10,2,2023-05-18 19:22:45,0,2
6,96.48659,200.75,100.1425,70,10,2,2023-05-19 00:50:09,0.2453,1
6,96.48659,200.75,100.1425,70,10,2,2023-05-19 00:50:09,0,2
7,96.52504,200.83,100.1812,70,10,2,2023-05-19 06:17:44,0.2453,1
7,96.52504,200.83,100.1812,70,10,2,2023-05-19 06:17:44,0,2
8,96.54427,200.87,100.1991,70,10,2,2023-05-19 11:45:22,0.2453,1
8,96.54427,200.87,100.1991,70,10,2,2023-05-19 11:45:22,0,2
9,96.55388,200.89,100.2087,70,10,2,2023-05-19 17:12:51,0.2453,1
9,96.55388,200.89,100.2087,70,10,2,2023-05-19 17:12:51,0,2
10,96.59714,200.98,100.2533,70,10,2,2023-05-19 22:40:32,0.2453,1
10,96.59714,200.98,100.2533,70,10,2,2023-05-19 22:40:32,0,2
1,83.65375,174.05,100,70,10,3,2023-07-21 20:15:06,0.23151,1
1,83.65375,174.05,100,70,10,3,2023-07-21 20:15:06,0,2
2,83.9902,174.75,100.4035,70,10,3,2023-07-22 01:49:13,0.23151,1
2,83.9902,174.75,100.4035,70,10,3,2023-07-22 01:49:13,0,2
3,84.63424,176.09,101.1704,70,10,3,2023-07-22 07:10:42,0.23151,1
3,84.63424,176.09,101.1704,70,10,3,2023-07-22 07:10:42,0,2
4,85.7445,178.4,102.5029,70,10,3,2023-07-22 12:48:53,0.23151,1
4,85.7445,178.4,102.5029,70,10,3,2023-07-22 12:48:53,0,2
5,84.79765,176.43,101.3706,70,10,3,2023-07-22 18:25:05,0.23151,1
5,84.79765,176.43,101.3706,70,10,3,2023-07-22 18:25:05,0,2
6,85.96559,178.86,102.7652,70,10,3,2023-07-23 00:03:58,0.23151,1
6,85.96559,178.86,102.7652,70,10,3,2023-07-23 00:03:58,0,2
7,86.40777,179.78,103.2906,70,10,3,2023-07-23 05:46:19,0.23151,1
7,86.40777,179.78,103.2906,70,10,3,2023-07-23 05:46:19,0,2
8,87.25848,181.55,104.3093,70,10,3,2023-07-23 11:24:39,0.23151,1
8,87.25848,181.55,104.3093,70,10,3,2023-07-23 11:24:39,0,2
9,87.59012,182.24,104.7042,70,10,3,2023-07-23 17:01:16,0.23151,1
9,87.59012,182.24,104.7042,70,10,3,2023-07-23 17:01:16,0,2
10,87.45554,181.96,104.5453,70,10,3,2023-07-23 22:37:05,0.23151,1
10,87.45554,181.96,104.5453,70,10,3,2023-07-23 22:37:05,0,2
1,94.85245,197.35,100,70,10,4,2023-09-27 15:36:07,0.24849,1
1,94.85245,197.35,100,70,10,4,2023-09-27 15:36:07,0,2
2,94.9726,197.6,100.1289,70,10,4,2023-09-27 20:59:10,0.24849,1
2,94.9726,197.6,100.1289,70,10,4,2023-09-27 20:59:10,0,2
3,95.05431,197.77,100.2157,70,10,4,2023-09-28 02:22:29,0.24849,1
3,95.05431,197.77,100.2157,70,10,4,2023-09-28 02:22:29,0,2
4,95.11199,197.89,100.2748,70,10,4,2023-09-28 07:45:53,0.24849,1
4,95.11199,197.89,100.2748,70,10,4,2023-09-28 07:45:53,0,2
5,95.17447,198.02,100.3429,70,10,4,2023-09-28 13:09:32,0.24849,1
5,95.17447,198.02,100.3429,70,10,4,2023-09-28 13:09:32,0,2
6,95.21773,198.11,100.3855,70,10,4,2023-09-28 18:33:18,0.24849,1
6,95.21773,198.11,100.3855,70,10,4,2023-09-28 18:33:18,0,2
7,95.24656,198.17,100.419,70,10,4,2023-09-28 23:57:03,0.24849,1
7,95.24656,198.17,100.419,70,10,4,2023-09-28 23:57:03,0,2
8,95.28501,198.25,100.4569,70,10,4,2023-09-29 05:20:52,0.24849,1
8,95.28501,198.25,100.4569,70,10,4,2023-09-29 05:20:52,0,2
9,95.31866,198.32,100.4922,70,10,4,2023-09-29 10:44:47,0.24849,1
9,95.31866,198.32,100.4922,70,10,4,2023-09-29 10:44:47,0,2
10,95.3475,198.38,100.5252,70,10,4,2023-09-29 16:08:49,0.24849,1
10,95.3475,198.38,100.5252,70,10,4,2023-09-29 16:08:49,0,2
1,94.65058,196.93,100,70,10,5,2023-12-05 20:52:12,0.24693,1
1,94.65058,196.93,100,70,10,5,2023-12-05 20:52:12,0,2
2,94.75632,197.15,100.1112,70,10,5,2023-12-06 02:14:20,0.24693,1
2,94.75632,197.15,100.1112,70,10,5,2023-12-06 02:14:20,0,2
3,94.83803,197.32,100.198,70,10,5,2023-12-06 07:36:50,0.24693,1
3,94.83803,197.32,100.198,70,10,5,2023-12-06 07:36:50,0,2
4,94.88128,197.41,100.2416,70,10,5,2023-12-06 12:59:24,0.24693,1
4,94.88128,197.41,100.2416,70,10,5,2023-12-06 12:59:24,0,2
5,94.93896,197.53,100.3016,70,10,5,2023-12-06 18:22:08,0.24693,1
5,94.93896,197.53,100.3016,70,10,5,2023-12-06 18:22:08,0,2
6,94.98222,197.62,100.3468,70,10,5,2023-12-06 23:44:52,0.24693,1
6,94.98222,197.62,100.3468,70,10,5,2023-12-06 23:44:52,0,2
7,95.00625,197.67,100.3743,70,10,5,2023-12-07 05:07:41,0.24693,1
7,95.00625,197.67,100.3743,70,10,5,2023-12-07 05:07:41,0,2
8,95.03989,197.74,100.4091,70,10,5,2023-12-07 10:30:36,0.24693,1
8,95.03989,197.74,100.4091,70,10,5,2023-12-07 10:30:36,0,2
9,95.07354,197.81,100.443,70,10,5,2023-12-07 15:53:37,0.24693,1
9,95.07354,197.81,100.443,70,10,5,2023-12-07 15:53:37,0,2
10,95.09276,197.85,100.463,70,10,5,2023-12-07 21:16:44,0.24693,1
10,95.09276,197.85,100.463,70,10,5,2023-12-07 21:16:44,0,2
1,94.37662,196.36,100,70,10,6,2024-02-19 22:04:59,0.24471,1
1,94.37662,196.36,100,70,10,6,2024-02-19 22:04:59,0.24471,2
2,94.48717,196.59,100.1161,70,10,6,2024-02-20 03:26:12,0.24471,1
2,94.48717,196.59,100.1161,70,10,6,2024-02-20 03:26:12,0.24471,2
3,94.56887,196.76,100.2063,70,10,6,2024-02-20 08:47:42,0.24471,1
3,94.56887,196.76,100.2063,70,10,6,2024-02-20 08:47:42,0.24471,2
4,94.63136,196.89,100.269,70,10,6,2024-02-20 14:09:25,0.24471,1
4,94.63136,196.89,100.269,70,10,6,2024-02-20 14:09:25,0.24471,2
5,94.665,196.96,100.3081,70,10,6,2024-02-20 19:31:13,0.24471,1
5,94.665,196.96,100.3081,70,10,6,2024-02-20 19:31:13,0.24471,2
6,94.70826,197.05,100.3503,70,10,6,2024-02-21 00:53:09,0.24471,1
6,94.70826,197.05,100.3503,70,10,6,2024-02-21 00:53:09,0.24471,2
7,94.72748,197.09,100.3721,70,10,6,2024-02-21 06:15:06,0.24471,1
7,94.72748,197.09,100.3721,70,10,6,2024-02-21 06:15:06,0.24471,2
8,94.74671,197.13,100.3934,70,10,6,2024-02-21 11:37:05,0.24471,1
8,94.74671,197.13,100.3934,70,10,6,2024-02-21 11:37:05,0.24471,2
9,94.76113,197.16,100.4112,70,10,6,2024-02-21 16:59:07,0.24471,1
9,94.76113,197.16,100.4112,70,10,6,2024-02-21 16:59:07,0.24471,2
10,94.79477,197.23,100.4466,70,10,6,2024-02-21 22:21:17,0.24471,1
10,94.79477,197.23,100.4466,70,10,6,2024-02-21 22:21:17,0.24471,2
1,100,206.86,100,90,10,1,2022-12-19 21:17:18,0.32534,1
1,100,206.86,100,90,10,1,2022-12-19 21:17:18,0,2
2,99.92749,206.71,99.9278,90,10,1,2022-12-20 02:55:01,0.32534,1
2,99.92749,206.71,99.9278,90,10,1,2022-12-20 02:55:01,0,2
3,99.85497,206.56,99.85837,90,10,1,2022-12-20 08:32:15,0.32534,1
3,99.85497,206.56,99.85837,90,10,1,2022-12-20 08:32:15,0,2
1,91.86406,190.03,100,90,10,2,2023-05-17 21:45:51,0.2329,1
1,91.86406,190.03,100,90,10,2,2023-05-17 21:45:51,0,2
2,92.10577,190.53,100.2609,90,10,2,2023-05-18 03:01:14,0.2329,1
2,92.10577,190.53,100.2609,90,10,2,2023-05-18 03:01:14,0,2
3,92.28464,190.9,100.4573,90,10,2,2023-05-18 08:17:14,0.2329,1
3,92.28464,190.9,100.4573,90,10,2,2023-05-18 08:17:14,0,2
4,92.4635,191.27,100.6505,90,10,2,2023-05-18 13:33:47,0.2329,1
4,92.4635,191.27,100.6505,90,10,2,2023-05-18 13:33:47,0,2
5,92.60853,191.57,100.8099,90,10,2,2023-05-18 18:50:46,0.2329,1
5,92.60853,191.57,100.8099,90,10,2,2023-05-18 18:50:46,0,2
6,92.74388,191.85,100.9586,90,10,2,2023-05-19 00:08:07,0.2329,1
6,92.74388,191.85,100.9586,90,10,2,2023-05-19 00:08:07,0,2
7,92.85991,192.09,101.0815,90,10,2,2023-05-19 05:25:51,0.2329,1
7,92.85991,192.09,101.0815,90,10,2,2023-05-19 05:25:51,0,2
8,92.96626,192.31,101.197,90,10,2,2023-05-19 10:43:49,0.2329,1
8,92.96626,192.31,101.197,90,10,2,2023-05-19 10:43:49,0,2
9,93.05811,192.5,101.2981,90,10,2,2023-05-19 16:02:08,0.2329,1
9,93.05811,192.5,101.2981,90,10,2,2023-05-19 16:02:08,0,2
10,93.14029,192.67,101.3857,90,10,2,2023-05-19 21:20:37,0.2329,1
10,93.14029,192.67,101.3857,90,10,2,2023-05-19 21:20:37,0,2
1,87.19424,180.37,100,90,10,3,2023-07-21 20:46:32,0,1
1,87.19424,180.37,100,90,10,3,2023-07-21 20:46:32,0,2
2,88.18041,182.41,101.1301,90,10,3,2023-07-22 02:06:41,0,1
2,88.18041,182.41,101.1301,90,10,3,2023-07-22 02:06:41,0,2
3,86.19356,178.3,98.85628,90,10,3,2023-07-22 07:38:15,0,1
3,86.19356,178.3,98.85628,90,10,3,2023-07-22 07:38:15,0,2
4,82.49057,170.64,94.60636,90,10,3,2023-07-22 13:44:17,0,1
4,82.49057,170.64,94.60636,90,10,3,2023-07-22 13:44:17,0,2
5,25.55351,52.86,29.306,90,10,3,2023-07-22 15:30:32,0,1
5,25.55351,52.86,29.306,90,10,3,2023-07-22 15:30:32,0,2
6,89.00222,184.11,102.0736,90,10,3,2023-07-22 20:44:48,0,1
6,89.00222,184.11,102.0736,90,10,3,2023-07-22 20:44:48,0,2
7,89.21009,184.54,102.314,90,10,3,2023-07-23 02:03:15,0,1
7,89.21009,184.54,102.314,90,10,3,2023-07-23 02:03:15,0,2
8,58.63386,121.29,67.24651,90,10,3,2023-07-23 06:36:19,0,1
8,58.63386,121.29,67.24651,90,10,3,2023-07-23 06:36:19,0,2
9,13.9853,28.93,16.03922,90,10,3,2023-07-23 10:34:33,0,1
9,13.9853,28.93,16.03922,90,10,3,2023-07-23 10:34:33,0,2
10,68.73731,142.19,78.83407,90,10,3,2023-07-23 14:16:02,0,1
10,68.73731,142.19,78.83407,90,10,3,2023-07-23 14:16:02,0,2
1,92.78256,191.93,100,90,10,4,2023-09-27 14:54:52,0.33328,1
1,92.78256,191.93,100,90,10,4,2023-09-27 14:54:52,0,2
2,92.95175,192.28,100.1843,90,10,4,2023-09-27 20:11:14,0.33328,1
2,92.95175,192.28,100.1843,90,10,4,2023-09-27 20:11:14,0,2
3,93.07261,192.53,100.3121,90,10,4,2023-09-28 01:27:56,0.33328,1
3,93.07261,192.53,100.3121,90,10,4,2023-09-28 01:27:56,0,2
4,93.17413,192.74,100.4219,90,10,4,2023-09-28 06:44:59,0.33328,1
4,93.17413,192.74,100.4219,90,10,4,2023-09-28 06:44:59,0,2
5,93.25631,192.91,100.5113,90,10,4,2023-09-28 12:02:12,0.33328,1
5,93.25631,192.91,100.5113,90,10,4,2023-09-28 12:02:12,0,2
6,93.31915,193.04,100.5801,90,10,4,2023-09-28 17:19:37,0.33328,1
6,93.31915,193.04,100.5801,90,10,4,2023-09-28 17:19:37,0,2
7,93.38683,193.18,100.6548,90,10,4,2023-09-28 22:37:17,0.33328,1
7,93.38683,193.18,100.6548,90,10,4,2023-09-28 22:37:17,0,2
8,93.43517,193.28,100.7069,90,10,4,2023-09-29 03:55:04,0.33328,1
8,93.43517,193.28,100.7069,90,10,4,2023-09-29 03:55:04,0,2
9,93.48835,193.39,100.7614,90,10,4,2023-09-29 09:12:56,0.33328,1
9,93.48835,193.39,100.7614,90,10,4,2023-09-29 09:12:56,0,2
10,93.53669,193.49,100.8115,90,10,4,2023-09-29 14:30:52,0.33328,1
10,93.53669,193.49,100.8115,90,10,4,2023-09-29 14:30:52,0,2
1,91.32747,188.92,100,90,10,5,2023-12-05 21:04:41,0.32636,1
1,91.32747,188.92,100,90,10,5,2023-12-05 21:04:41,0,2
2,91.60785,189.5,100.3077,90,10,5,2023-12-06 02:17:21,0.32636,1
2,91.60785,189.5,100.3077,90,10,5,2023-12-06 02:17:21,0,2
3,91.84473,189.99,100.5653,90,10,5,2023-12-06 07:30:53,0.32636,1
3,91.84473,189.99,100.5653,90,10,5,2023-12-06 07:30:53,0,2
4,92.00909,190.33,100.7471,90,10,5,2023-12-06 12:44:56,0.32636,1
4,92.00909,190.33,100.7471,90,10,5,2023-12-06 12:44:56,0,2
5,92.14445,190.61,100.8951,90,10,5,2023-12-06 17:59:23,0.32636,1
5,92.14445,190.61,100.8951,90,10,5,2023-12-06 17:59:23,0,2
6,92.2653,190.86,101.0256,90,10,5,2023-12-06 23:14:14,0.32636,1
6,92.2653,190.86,101.0256,90,10,5,2023-12-06 23:14:14,0,2
7,92.35232,191.04,101.1217,90,10,5,2023-12-07 04:29:23,0.32636,1
7,92.35232,191.04,101.1217,90,10,5,2023-12-07 04:29:23,0,2
8,92.4345,191.21,101.2138,90,10,5,2023-12-07 09:44:49,0.32636,1
8,92.4345,191.21,101.2138,90,10,5,2023-12-07 09:44:49,0,2
9,92.49734,191.34,101.2818,90,10,5,2023-12-07 15:00:24,0.32636,1
9,92.49734,191.34,101.2818,90,10,5,2023-12-07 15:00:24,0,2
10,92.55535,191.46,101.3447,90,10,5,2023-12-07 20:16:13,0.32636,1
10,92.55535,191.46,101.3447,90,10,5,2023-12-07 20:16:13,0,2
1,91.32263,188.91,100,90,10,6,2024-02-19 22:18:20,0.40553,1
1,91.32263,188.91,100,90,10,6,2024-02-19 22:18:20,0.40553,2
2,91.57885,189.44,100.2765,90,10,6,2024-02-20 03:30:19,0.40553,1
2,91.57885,189.44,100.2765,90,10,6,2024-02-20 03:30:19,0.40553,2
3,91.78672,189.87,100.5066,90,10,6,2024-02-20 08:43:02,0.40553,1
3,91.78672,189.87,100.5066,90,10,6,2024-02-20 08:43:02,0.40553,2
4,91.93658,190.18,100.6704,90,10,6,2024-02-20 13:56:14,0.40553,1
4,91.93658,190.18,100.6704,90,10,6,2024-02-20 13:56:14,0.40553,2
5,92.04776,190.41,100.7943,90,10,6,2024-02-20 19:09:48,0.40553,1
5,92.04776,190.41,100.7943,90,10,6,2024-02-20 19:09:48,0.40553,2
6,92.14928,190.62,100.9016,90,10,6,2024-02-21 00:23:40,0.40553,1
6,92.14928,190.62,100.9016,90,10,6,2024-02-21 00:23:40,0.40553,2
7,92.2363,190.8,100.9971,90,10,6,2024-02-21 05:37:52,0.40553,1
7,92.2363,190.8,100.9971,90,10,6,2024-02-21 05:37:52,0.40553,2
8,92.29431,190.92,101.0622,90,10,6,2024-02-21 10:52:14,0.40553,1
8,92.29431,190.92,101.0622,90,10,6,2024-02-21 10:52:14,0.40553,2
9,92.35232,191.04,101.1275,90,10,6,2024-02-21 16:06:49,0.40553,1
9,92.35232,191.04,101.1275,90,10,6,2024-02-21 16:06:49,0.40553,2
10,92.40549,191.15,101.1833,90,10,6,2024-02-21 21:21:32,0.40553,1
10,92.40549,191.15,101.1833,90,10,6,2024-02-21 21:21:32,0.40553,2
1,100,210.54,100,10,15,1,2022-12-19 23:43:19,0.173,1
1,100,210.54,100,10,15,1,2022-12-19 23:43:19,0,2
2,98.91232,208.25,98.90981,10,15,1,2022-12-20 06:38:20,0.173,1
2,98.91232,208.25,98.90981,10,15,1,2022-12-20 06:38:20,0,2
3,98.36611,207.1,98.36442,10,15,1,2022-12-20 13:30:22,0.173,1
3,98.36611,207.1,98.36442,10,15,1,2022-12-20 13:30:22,0,2
1,95.94851,202.01,100,10,15,2,2023-05-17 21:35:23,0.17685,1
1,95.94851,202.01,100,10,15,2,2023-05-17 21:35:23,0,2
2,95.46404,200.99,99.49852,10,15,2,2023-05-18 04:16:31,0.17685,1
2,95.46404,200.99,99.49852,10,15,2,2023-05-18 04:16:31,0,2
3,95.12682,200.28,99.14536,10,15,2,2023-05-18 10:55:55,0.17685,1
3,95.12682,200.28,99.14536,10,15,2,2023-05-18 10:55:55,0,2
4,94.85133,199.7,98.85842,10,15,2,2023-05-18 17:33:58,0.17685,1
4,94.85133,199.7,98.85842,10,15,2,2023-05-18 17:33:58,0,2
5,94.6376,199.25,98.63361,10,15,2,2023-05-19 00:11:03,0.17685,1
5,94.6376,199.25,98.63361,10,15,2,2023-05-19 00:11:03,0,2
6,94.42861,198.81,98.41836,10,15,2,2023-05-19 06:47:08,0.17685,1
6,94.42861,198.81,98.41836,10,15,2,2023-05-19 06:47:08,0,2
7,94.21488,198.36,98.19662,10,15,2,2023-05-19 13:22:23,0.17685,1
7,94.21488,198.36,98.19662,10,15,2,2023-05-19 13:22:23,0,2
8,94.02964,197.97,98.00185,10,15,2,2023-05-19 19:56:41,0.17685,1
8,94.02964,197.97,98.00185,10,15,2,2023-05-19 19:56:41,0,2
9,93.8919,197.68,97.85588,10,15,2,2023-05-20 02:30:24,0.17685,1
9,93.8919,197.68,97.85588,10,15,2,2023-05-20 02:30:24,0,2
10,93.75416,197.39,97.71509,10,15,2,2023-05-20 09:03:39,0.17685,1
10,93.75416,197.39,97.71509,10,15,2,2023-05-20 09:03:39,0,2
1,92.13451,193.98,100,10,15,3,2023-07-21 20:18:18,0.17753,1
1,92.13451,193.98,100,10,15,3,2023-07-21 20:18:18,0,2
2,92.31025,194.35,100.1942,10,15,3,2023-07-22 02:46:48,0.17753,1
2,92.31025,194.35,100.1942,10,15,3,2023-07-22 02:46:48,0,2
3,92.32925,194.39,100.2157,10,15,3,2023-07-22 09:14:42,0.17753,1
3,92.32925,194.39,100.2157,10,15,3,2023-07-22 09:14:42,0,2
4,92.334,194.4,100.2208,10,15,3,2023-07-22 15:42:30,0.17753,1
4,92.334,194.4,100.2208,10,15,3,2023-07-22 15:42:30,0,2
5,92.3055,194.34,100.1864,10,15,3,2023-07-22 22:10:00,0.17753,1
5,92.3055,194.34,100.1864,10,15,3,2023-07-22 22:10:00,0,2
6,92.29125,194.31,100.1735,10,15,3,2023-07-23 04:37:31,0.17753,1
6,92.29125,194.31,100.1735,10,15,3,2023-07-23 04:37:31,0,2
7,92.24375,194.21,100.1186,10,15,3,2023-07-23 11:04:44,0.17753,1
7,92.24375,194.21,100.1186,10,15,3,2023-07-23 11:04:44,0,2
8,92.20576,194.13,100.0808,10,15,3,2023-07-23 17:31:45,0.17753,1
8,92.20576,194.13,100.0808,10,15,3,2023-07-23 17:31:45,0,2
9,92.15351,194.02,100.0242,10,15,3,2023-07-23 23:58:33,0.17753,1
9,92.15351,194.02,100.0242,10,15,3,2023-07-23 23:58:33,0,2
10,92.11076,193.93,99.97425,10,15,3,2023-07-24 06:25:07,0.17753,1
10,92.11076,193.93,99.97425,10,15,3,2023-07-24 06:25:07,0,2
1,90.51012,190.56,100,10,15,4,2023-09-27 15:15:34,0.17794,1
1,90.51012,190.56,100,10,15,4,2023-09-27 15:15:34,0,2
2,90.81885,191.21,100.3419,10,15,4,2023-09-27 21:38:07,0.17794,1
2,90.81885,191.21,100.3419,10,15,4,2023-09-27 21:38:07,0,2
3,90.90434,191.39,100.435,10,15,4,2023-09-28 04:00:33,0.17794,1
3,90.90434,191.39,100.435,10,15,4,2023-09-28 04:00:33,0,2
4,90.96134,191.51,100.4986,10,15,4,2023-09-28 10:22:55,0.17794,1
4,90.96134,191.51,100.4986,10,15,4,2023-09-28 10:22:55,0,2
5,91.00408,191.6,100.5488,10,15,4,2023-09-28 16:45:23,0.17794,1
5,91.00408,191.6,100.5488,10,15,4,2023-09-28 16:45:23,0,2
6,91.01833,191.63,100.5625,10,15,4,2023-09-28 23:07:49,0.17794,1
6,91.01833,191.63,100.5625,10,15,4,2023-09-28 23:07:49,0,2
7,91.02308,191.64,100.5654,10,15,4,2023-09-29 05:30:18,0.17794,1
7,91.02308,191.64,100.5654,10,15,4,2023-09-29 05:30:18,0,2
8,91.04208,191.68,100.5869,10,15,4,2023-09-29 11:52:50,0.17794,1
8,91.04208,191.68,100.5869,10,15,4,2023-09-29 11:52:50,0,2
9,91.02783,191.65,100.5709,10,15,4,2023-09-29 18:15:16,0.17794,1
9,91.02783,191.65,100.5709,10,15,4,2023-09-29 18:15:16,0,2
10,91.01833,191.63,100.564,10,15,4,2023-09-30 00:37:37,0.17794,1
10,91.01833,191.63,100.564,10,15,4,2023-09-30 00:37:37,0,2
1,89.09946,187.59,100,10,15,5,2023-12-05 20:31:49,0.17766,1
1,89.09946,187.59,100,10,15,5,2023-12-05 20:31:49,0,2
2,89.49368,188.42,100.4455,10,15,5,2023-12-06 02:49:21,0.17766,1
2,89.49368,188.42,100.4455,10,15,5,2023-12-06 02:49:21,0,2
3,89.68367,188.82,100.6553,10,15,5,2023-12-06 09:07:06,0.17766,1
3,89.68367,188.82,100.6553,10,15,5,2023-12-06 09:07:06,0,2
4,89.76442,188.99,100.7495,10,15,5,2023-12-06 15:25:02,0.17766,1
4,89.76442,188.99,100.7495,10,15,5,2023-12-06 15:25:02,0,2
5,89.83091,189.13,100.8231,10,15,5,2023-12-06 21:43:07,0.17766,1
5,89.83091,189.13,100.8231,10,15,5,2023-12-06 21:43:07,0,2
6,89.88791,189.25,100.8848,10,15,5,2023-12-07 04:01:22,0.17766,1
6,89.88791,189.25,100.8848,10,15,5,2023-12-07 04:01:22,0,2
7,89.91641,189.31,100.9193,10,15,5,2023-12-07 10:19:35,0.17766,1
7,89.91641,189.31,100.9193,10,15,5,2023-12-07 10:19:35,0,2
8,89.9449,189.37,100.9488,10,15,5,2023-12-07 16:37:54,0.17766,1
8,89.9449,189.37,100.9488,10,15,5,2023-12-07 16:37:54,0,2
9,89.95915,189.4,100.9644,10,15,5,2023-12-07 22:56:13,0.17766,1
9,89.95915,189.4,100.9644,10,15,5,2023-12-07 22:56:13,0,2
10,89.94965,189.38,100.9548,10,15,5,2023-12-08 05:14:32,0.17766,1
10,89.94965,189.38,100.9548,10,15,5,2023-12-08 05:14:32,0,2
1,88.02603,185.33,100,10,15,6,2024-02-19 21:42:03,0.1879,1
1,88.02603,185.33,100,10,15,6,2024-02-19 21:42:03,0.1879,2
2,88.40125,186.12,100.4242,10,15,6,2024-02-20 03:55:33,0.1879,1
2,88.40125,186.12,100.4242,10,15,6,2024-02-20 03:55:33,0.1879,2
3,88.53899,186.41,100.5839,10,15,6,2024-02-20 10:09:08,0.1879,1
3,88.53899,186.41,100.5839,10,15,6,2024-02-20 10:09:08,0.1879,2
4,88.64349,186.63,100.7002,10,15,6,2024-02-20 16:22:56,0.1879,1
4,88.64349,186.63,100.7002,10,15,6,2024-02-20 16:22:56,0.1879,2
5,88.73373,186.82,100.8017,10,15,6,2024-02-20 22:36:53,0.1879,1
5,88.73373,186.82,100.8017,10,15,6,2024-02-20 22:36:53,0.1879,2
6,88.78123,186.92,100.8602,10,15,6,2024-02-21 04:51:02,0.1879,1
6,88.78123,186.92,100.8602,10,15,6,2024-02-21 04:51:02,0.1879,2
7,88.82398,187.01,100.9084,10,15,6,2024-02-21 11:05:14,0.1879,1
7,88.82398,187.01,100.9084,10,15,6,2024-02-21 11:05:14,0.1879,2
8,88.83823,187.04,100.9201,10,15,6,2024-02-21 17:19:25,0.1879,1
8,88.83823,187.04,100.9201,10,15,6,2024-02-21 17:19:25,0.1879,2
9,88.85722,187.08,100.9428,10,15,6,2024-02-21 23:33:42,0.1879,1
9,88.85722,187.08,100.9428,10,15,6,2024-02-21 23:33:42,0.1879,2
10,88.84772,187.06,100.9314,10,15,6,2024-02-22 05:47:55,0.1879,1
10,88.84772,187.06,100.9314,10,15,6,2024-02-22 05:47:55,0.1879,2
1,100,214,100,30,15,1,2022-12-19 23:08:15,0.25593,1
1,100,214,100,30,15,1,2022-12-19 23:08:15,0,2
2,99.3271,212.56,99.33037,30,15,1,2022-12-20 06:09:45,0.25593,1
2,99.3271,212.56,99.33037,30,15,1,2022-12-20 06:09:45,0,2
3,98.9486,211.75,98.95196,30,15,1,2022-12-20 13:09:41,0.25593,1
3,98.9486,211.75,98.95196,30,15,1,2022-12-20 13:09:41,0,2
1,96.1028,205.66,100,30,15,2,2023-05-17 22:17:20,0.2552,1
1,96.1028,205.66,100,30,15,2,2023-05-17 22:17:20,0,2
2,95.72897,204.86,99.61019,30,15,2,2023-05-18 05:04:57,0.2552,1
2,95.72897,204.86,99.61019,30,15,2,2023-05-18 05:04:57,0,2
3,95.4486,204.26,99.31493,30,15,2,2023-05-18 11:51:13,0.2552,1
3,95.4486,204.26,99.31493,30,15,2,2023-05-18 11:51:13,0,2
4,95.23832,203.81,99.09818,30,15,2,2023-05-18 18:36:30,0.2552,1
4,95.23832,203.81,99.09818,30,15,2,2023-05-18 18:36:30,0,2
5,94.98131,203.26,98.8304,30,15,2,2023-05-19 01:20:41,0.2552,1
5,94.98131,203.26,98.8304,30,15,2,2023-05-19 01:20:41,0,2
6,94.80841,202.89,98.6508,30,15,2,2023-05-19 08:03:55,0.2552,1
6,94.80841,202.89,98.6508,30,15,2,2023-05-19 08:03:55,0,2
7,94.63551,202.52,98.46908,30,15,2,2023-05-19 14:46:17,0.2552,1
7,94.63551,202.52,98.46908,30,15,2,2023-05-19 14:46:17,0,2
8,94.50935,202.25,98.33907,30,15,2,2023-05-19 21:28:07,0.2552,1
8,94.50935,202.25,98.33907,30,15,2,2023-05-19 21:28:07,0,2
9,94.3785,201.97,98.20557,30,15,2,2023-05-20 04:09:18,0.2552,1
9,94.3785,201.97,98.20557,30,15,2,2023-05-20 04:09:18,0,2
10,94.28037,201.76,98.10118,30,15,2,2023-05-20 10:50:05,0.2552,1
10,94.28037,201.76,98.10118,30,15,2,2023-05-20 10:50:05,0,2
1,92.65421,198.28,100,30,15,3,2023-07-21 21:00:25,0.25875,1
1,92.65421,198.28,100,30,15,3,2023-07-21 21:00:25,0,2
2,92.8271,198.65,100.1838,30,15,3,2023-07-22 03:35:34,0.25875,1
2,92.8271,198.65,100.1838,30,15,3,2023-07-22 03:35:34,0,2
3,92.85047,198.7,100.2106,30,15,3,2023-07-22 10:10:52,0.25875,1
3,92.85047,198.7,100.2106,30,15,3,2023-07-22 10:10:52,0,2
4,92.83645,198.67,100.1966,30,15,3,2023-07-22 16:46:03,0.25875,1
4,92.83645,198.67,100.1966,30,15,3,2023-07-22 16:46:03,0,2
5,92.82243,198.64,100.1774,30,15,3,2023-07-22 23:21:02,0.25875,1
5,92.82243,198.64,100.1774,30,15,3,2023-07-22 23:21:02,0,2
6,92.79439,198.58,100.1472,30,15,3,2023-07-23 05:55:49,0.25875,1
6,92.79439,198.58,100.1472,30,15,3,2023-07-23 05:55:49,0,2
7,92.7757,198.54,100.1275,30,15,3,2023-07-23 12:30:35,0.25875,1
7,92.7757,198.54,100.1275,30,15,3,2023-07-23 12:30:35,0,2
8,92.73832,198.46,100.09,30,15,3,2023-07-23 19:05:19,0.25875,1
8,92.73832,198.46,100.09,30,15,3,2023-07-23 19:05:19,0,2
9,92.67757,198.33,100.0247,30,15,3,2023-07-24 01:39:33,0.25875,1
9,92.67757,198.33,100.0247,30,15,3,2023-07-24 01:39:33,0,2
10,92.63551,198.24,99.9778,30,15,3,2023-07-24 08:13:37,0.25875,1
10,92.63551,198.24,99.9778,30,15,3,2023-07-24 08:13:37,0,2
1,91.23832,195.25,100,30,15,4,2023-09-27 15:57:42,0.25489,1
1,91.23832,195.25,100,30,15,4,2023-09-27 15:57:42,0,2
2,91.43925,195.68,100.2194,30,15,4,2023-09-27 22:27:21,0.25489,1
2,91.43925,195.68,100.2194,30,15,4,2023-09-27 22:27:21,0,2
3,91.5,195.81,100.2857,30,15,4,2023-09-28 04:57:21,0.25489,1
3,91.5,195.81,100.2857,30,15,4,2023-09-28 04:57:21,0,2
4,91.53738,195.89,100.3271,30,15,4,2023-09-28 11:27:14,0.25489,1
4,91.53738,195.89,100.3271,30,15,4,2023-09-28 11:27:14,0,2
5,91.56542,195.95,100.3547,30,15,4,2023-09-28 17:57:13,0.25489,1
5,91.56542,195.95,100.3547,30,15,4,2023-09-28 17:57:13,0,2
6,91.56075,195.94,100.3523,30,15,4,2023-09-29 00:27:07,0.25489,1
6,91.56075,195.94,100.3523,30,15,4,2023-09-29 00:27:07,0,2
7,91.56542,195.95,100.3547,30,15,4,2023-09-29 06:56:58,0.25489,1
7,91.56542,195.95,100.3547,30,15,4,2023-09-29 06:56:58,0,2
8,91.56542,195.95,100.3576,30,15,4,2023-09-29 13:26:48,0.25489,1
8,91.56542,195.95,100.3576,30,15,4,2023-09-29 13:26:48,0,2
9,91.5514,195.92,100.3395,30,15,4,2023-09-29 19:56:37,0.25489,1
9,91.5514,195.92,100.3395,30,15,4,2023-09-29 19:56:37,0,2
10,91.5514,195.92,100.3414,30,15,4,2023-09-30 02:26:26,0.25489,1
10,91.5514,195.92,100.3414,30,15,4,2023-09-30 02:26:26,0,2
1,90.34112,193.33,100,30,15,5,2023-12-05 21:15:05,0.25059,1
1,90.34112,193.33,100,30,15,5,2023-12-05 21:15:05,0,2
2,90.51869,193.71,100.1988,30,15,5,2023-12-06 03:41:09,0.25059,1
2,90.51869,193.71,100.1988,30,15,5,2023-12-06 03:41:09,0,2
3,90.51869,193.71,100.1984,30,15,5,2023-12-06 10:07:15,0.25059,1
3,90.51869,193.71,100.1984,30,15,5,2023-12-06 10:07:15,0,2
4,90.53738,193.75,100.2208,30,15,5,2023-12-06 16:33:06,0.25059,1
4,90.53738,193.75,100.2208,30,15,5,2023-12-06 16:33:06,0,2
5,90.58411,193.85,100.2712,30,15,5,2023-12-06 22:59:12,0.25059,1
5,90.58411,193.85,100.2712,30,15,5,2023-12-06 22:59:12,0,2
6,90.6028,193.89,100.2898,30,15,5,2023-12-07 05:25:13,0.25059,1
6,90.6028,193.89,100.2898,30,15,5,2023-12-07 05:25:13,0,2
7,90.6215,193.93,100.3112,30,15,5,2023-12-07 11:51:25,0.25059,1
7,90.6215,193.93,100.3112,30,15,5,2023-12-07 11:51:25,0,2
8,90.60748,193.9,100.2977,30,15,5,2023-12-07 18:17:28,0.25059,1
8,90.60748,193.9,100.2977,30,15,5,2023-12-07 18:17:28,0,2
9,90.60748,193.9,100.2961,30,15,5,2023-12-08 00:43:35,0.25059,1
9,90.60748,193.9,100.2961,30,15,5,2023-12-08 00:43:35,0,2
10,90.57477,193.83,100.2607,30,15,5,2023-12-08 07:09:34,0.25059,1
10,90.57477,193.83,100.2607,30,15,5,2023-12-08 07:09:34,0,2
1,89.49533,191.52,100,30,15,6,2024-02-19 22:25:03,0.27205,1
1,89.49533,191.52,100,30,15,6,2024-02-19 22:25:03,0.27205,2
2,89.65421,191.86,100.179,30,15,6,2024-02-20 04:47:52,0.27205,1
2,89.65421,191.86,100.179,30,15,6,2024-02-20 04:47:52,0.27205,2
3,89.70561,191.97,100.2373,30,15,6,2024-02-20 11:10:46,0.27205,1
3,89.70561,191.97,100.2373,30,15,6,2024-02-20 11:10:46,0.27205,2
4,89.74766,192.06,100.2834,30,15,6,2024-02-20 17:33:44,0.27205,1
4,89.74766,192.06,100.2834,30,15,6,2024-02-20 17:33:44,0.27205,2
5,89.77103,192.11,100.3096,30,15,6,2024-02-20 23:56:43,0.27205,1
5,89.77103,192.11,100.3096,30,15,6,2024-02-20 23:56:43,0.27205,2
6,89.78972,192.15,100.3303,30,15,6,2024-02-21 06:19:46,0.27205,1
6,89.78972,192.15,100.3303,30,15,6,2024-02-21 06:19:46,0.27205,2
7,89.7757,192.12,100.3163,30,15,6,2024-02-21 12:42:43,0.27205,1
7,89.7757,192.12,100.3163,30,15,6,2024-02-21 12:42:43,0.27205,2
8,89.77103,192.11,100.3087,30,15,6,2024-02-21 19:05:33,0.27205,1
8,89.77103,192.11,100.3087,30,15,6,2024-02-21 19:05:33,0.27205,2
9,89.75701,192.08,100.291,30,15,6,2024-02-22 01:28:16,0.27205,1
9,89.75701,192.08,100.291,30,15,6,2024-02-22 01:28:16,0.27205,2
10,89.75234,192.07,100.2889,30,15,6,2024-02-22 07:51:03,0.27205,1
10,89.75234,192.07,100.2889,30,15,6,2024-02-22 07:51:03,0.27205,2
1,100,213.51,100,50,15,1,2022-12-19 23:07:01,0.23563,1
1,100,213.51,100,50,15,1,2022-12-19 23:07:01,0,2
2,99.47075,212.38,99.47331,50,15,1,2022-12-20 06:08:47,0.23563,1
2,99.47075,212.38,99.47331,50,15,1,2022-12-20 06:08:47,0,2
3,99.08669,211.56,99.08845,50,15,1,2022-12-20 13:08:43,0.23563,1
3,99.08669,211.56,99.08845,50,15,1,2022-12-20 13:08:43,0,2
1,95.60676,204.13,100,50,15,2,2023-05-17 21:51:18,0.20808,1
1,95.60676,204.13,100,50,15,2,2023-05-17 21:51:18,0,2
2,95.4241,203.74,99.8099,50,15,2,2023-05-18 04:37:16,0.20808,1
2,95.4241,203.74,99.8099,50,15,2,2023-05-18 04:37:16,0,2
3,95.33043,203.54,99.71157,50,15,2,2023-05-18 11:22:49,0.20808,1
3,95.33043,203.54,99.71157,50,15,2,2023-05-18 11:22:49,0,2
4,95.19929,203.26,99.5721,50,15,2,2023-05-18 18:07:40,0.20808,1
4,95.19929,203.26,99.5721,50,15,2,2023-05-18 18:07:40,0,2
5,95.09156,203.03,99.45941,50,15,2,2023-05-19 00:51:58,0.20808,1
5,95.09156,203.03,99.45941,50,15,2,2023-05-19 00:51:58,0,2
6,94.98853,202.81,99.35036,50,15,2,2023-05-19 07:35:48,0.20808,1
6,94.98853,202.81,99.35036,50,15,2,2023-05-19 07:35:48,0,2
7,94.90422,202.63,99.26521,50,15,2,2023-05-19 14:19:12,0.20808,1
7,94.90422,202.63,99.26521,50,15,2,2023-05-19 14:19:12,0,2
8,94.81523,202.44,99.17153,50,15,2,2023-05-19 21:02:11,0.20808,1
8,94.81523,202.44,99.17153,50,15,2,2023-05-19 21:02:11,0,2
9,94.74498,202.29,99.09992,50,15,2,2023-05-20 03:44:48,0.20808,1
9,94.74498,202.29,99.09992,50,15,2,2023-05-20 03:44:48,0,2
10,94.68409,202.16,99.034,50,15,2,2023-05-20 10:27:07,0.20808,1
10,94.68409,202.16,99.034,50,15,2,2023-05-20 10:27:07,0,2
1,92.71229,197.95,100,50,15,3,2023-07-21 21:35:33,0.19754,1
1,92.71229,197.95,100,50,15,3,2023-07-21 21:35:33,0,2
2,92.74039,198.01,100.0347,50,15,3,2023-07-22 04:12:42,0.19754,1
2,92.74039,198.01,100.0347,50,15,3,2023-07-22 04:12:42,0,2
3,92.76849,198.07,100.0606,50,15,3,2023-07-22 10:49:55,0.19754,1
3,92.76849,198.07,100.0606,50,15,3,2023-07-22 10:49:55,0,2
4,92.7357,198,100.0259,50,15,3,2023-07-22 17:26:58,0.19754,1
4,92.7357,198,100.0259,50,15,3,2023-07-22 17:26:58,0,2
5,92.72634,197.98,100.0166,50,15,3,2023-07-23 00:03:54,0.19754,1
5,92.72634,197.98,100.0166,50,15,3,2023-07-23 00:03:54,0,2
6,92.7076,197.94,99.99438,50,15,3,2023-07-23 06:40:46,0.19754,1
6,92.7076,197.94,99.99438,50,15,3,2023-07-23 06:40:46,0,2
7,92.68418,197.89,99.97053,50,15,3,2023-07-23 13:17:28,0.19754,1
7,92.68418,197.89,99.97053,50,15,3,2023-07-23 13:17:28,0,2
8,92.64671,197.81,99.9329,50,15,3,2023-07-23 19:54:01,0.19754,1
8,92.64671,197.81,99.9329,50,15,3,2023-07-23 19:54:01,0,2
9,92.61393,197.74,99.89345,50,15,3,2023-07-24 02:30:24,0.19754,1
9,92.61393,197.74,99.89345,50,15,3,2023-07-24 02:30:24,0,2
10,92.57646,197.66,99.85501,50,15,3,2023-07-24 09:06:40,0.19754,1
10,92.57646,197.66,99.85501,50,15,3,2023-07-24 09:06:40,0,2
1,90.40794,193.03,100,50,15,4,2023-09-27 16:22:37,0.18552,1
1,90.40794,193.03,100,50,15,4,2023-09-27 16:22:37,0,2
2,90.5344,193.3,100.1399,50,15,4,2023-09-27 22:54:39,0.18552,1
2,90.5344,193.3,100.1399,50,15,4,2023-09-27 22:54:39,0,2
3,90.57187,193.38,100.1802,50,15,4,2023-09-28 05:26:46,0.18552,1
3,90.57187,193.38,100.1802,50,15,4,2023-09-28 05:26:46,0,2
4,90.57187,193.38,100.183,50,15,4,2023-09-28 11:59:01,0.18552,1
4,90.57187,193.38,100.183,50,15,4,2023-09-28 11:59:01,0,2
5,90.55782,193.35,100.1642,50,15,4,2023-09-28 18:31:07,0.18552,1
5,90.55782,193.35,100.1642,50,15,4,2023-09-28 18:31:07,0,2
6,90.54377,193.32,100.1521,50,15,4,2023-09-29 01:03:09,0.18552,1
6,90.54377,193.32,100.1521,50,15,4,2023-09-29 01:03:09,0,2
7,90.53908,193.31,100.1456,50,15,4,2023-09-29 07:35:08,0.18552,1
7,90.53908,193.31,100.1456,50,15,4,2023-09-29 07:35:08,0,2
8,90.52035,193.27,100.1256,50,15,4,2023-09-29 14:07:02,0.18552,1
8,90.52035,193.27,100.1256,50,15,4,2023-09-29 14:07:02,0,2
9,90.49225,193.21,100.0958,50,15,4,2023-09-29 20:38:53,0.18552,1
9,90.49225,193.21,100.0958,50,15,4,2023-09-29 20:38:53,0,2
10,90.46883,193.16,100.0692,50,15,4,2023-09-30 03:10:36,0.18552,1
10,90.46883,193.16,100.0692,50,15,4,2023-09-30 03:10:36,0,2
1,87.85069,187.57,100,50,15,5,2023-12-05 21:07:15,0.19233,1
1,87.85069,187.57,100,50,15,5,2023-12-05 21:07:15,0,2
2,88.06613,188.03,100.246,50,15,5,2023-12-06 03:34:12,0.19233,1
2,88.06613,188.03,100.246,50,15,5,2023-12-06 03:34:12,0,2
3,88.19259,188.3,100.3895,50,15,5,2023-12-06 10:01:36,0.19233,1
3,88.19259,188.3,100.3895,50,15,5,2023-12-06 10:01:36,0,2
4,88.18322,188.28,100.3803,50,15,5,2023-12-06 16:29:02,0.19233,1
4,88.18322,188.28,100.3803,50,15,5,2023-12-06 16:29:02,0,2
5,88.22538,188.37,100.4255,50,15,5,2023-12-06 22:56:40,0.19233,1
5,88.22538,188.37,100.4255,50,15,5,2023-12-06 22:56:40,0,2
6,88.18322,188.28,100.3791,50,15,5,2023-12-07 05:24:11,0.19233,1
6,88.18322,188.28,100.3791,50,15,5,2023-12-07 05:24:11,0,2
7,88.09892,188.1,100.2845,50,15,5,2023-12-07 11:51:42,0.19233,1
7,88.09892,188.1,100.2845,50,15,5,2023-12-07 11:51:42,0,2
8,85.96787,183.55,97.85781,50,15,5,2023-12-07 18:09:04,0.19233,1
8,85.96787,183.55,97.85781,50,15,5,2023-12-07 18:09:04,0,2
9,86.80155,185.33,98.8064,50,15,5,2023-12-08 00:39:27,0.19233,1
9,86.80155,185.33,98.8064,50,15,5,2023-12-08 00:39:27,0,2
10,86.88586,185.51,98.90004,50,15,5,2023-12-08 07:07:45,0.19233,1
10,86.88586,185.51,98.90004,50,15,5,2023-12-08 07:07:45,0,2
1,84.95152,181.38,100,50,15,6,2024-02-19 22:13:04,0.19853,1
1,84.95152,181.38,100,50,15,6,2024-02-19 22:13:04,0.19853,2
2,84.82975,181.12,99.85873,50,15,6,2024-02-20 04:39:28,0.19853,1
2,84.82975,181.12,99.85873,50,15,6,2024-02-20 04:39:28,0.19853,2
3,85.06393,181.62,100.134,50,15,6,2024-02-20 11:06:51,0.19853,1
3,85.06393,181.62,100.134,50,15,6,2024-02-20 11:06:51,0.19853,2
4,75.62643,161.47,89.02366,50,15,6,2024-02-20 17:15:23,0.19853,1
4,75.62643,161.47,89.02366,50,15,6,2024-02-20 17:15:23,0.19853,2
5,77.65913,165.81,91.41637,50,15,6,2024-02-21 00:03:44,0.19853,1
5,77.65913,165.81,91.41637,50,15,6,2024-02-21 00:03:44,0.19853,2
6,69.77659,148.98,82.13961,50,15,6,2024-02-21 07:27:14,0.19853,1
6,69.77659,148.98,82.13961,50,15,6,2024-02-21 07:27:14,0.19853,2
7,67.85631,144.88,79.88086,50,15,6,2024-02-21 13:14:22,0.19853,1
7,67.85631,144.88,79.88086,50,15,6,2024-02-21 13:14:22,0.19853,2
8,70.07634,149.62,82.49149,50,15,6,2024-02-21 19:53:35,0.19853,1
8,70.07634,149.62,82.49149,50,15,6,2024-02-21 19:53:35,0.19853,2
9,83.58391,178.46,98.39066,50,15,6,2024-02-22 01:56:52,0.19853,1
9,83.58391,178.46,98.39066,50,15,6,2024-02-22 01:56:52,0.19853,2
10,82.3568,175.84,96.94511,50,15,6,2024-02-22 08:19:42,0.19853,1
10,82.3568,175.84,96.94511,50,15,6,2024-02-22 08:19:42,0.19853,2
1,100,210.48,100,70,15,1,2022-12-19 23:01:11,0.26158,1
1,100,210.48,100,70,15,1,2022-12-19 23:01:11,0,2
2,99.23508,208.87,99.23189,70,15,1,2022-12-20 05:56:50,0.26158,1
2,99.23508,208.87,99.23189,70,15,1,2022-12-20 05:56:50,0,2
3,98.63645,207.61,98.63658,70,15,1,2022-12-20 12:50:04,0.26158,1
3,98.63645,207.61,98.63658,70,15,1,2022-12-20 12:50:04,0,2
1,90.09882,189.64,100,70,15,2,2023-05-17 22:47:32,0.24382,1
1,90.09882,189.64,100,70,15,2,2023-05-17 22:47:32,0,2
2,89.98005,189.39,99.86555,70,15,2,2023-05-18 05:06:38,0.24382,1
2,89.98005,189.39,99.86555,70,15,2,2023-05-18 05:06:38,0,2
3,89.87077,189.16,99.74377,70,15,2,2023-05-18 11:25:07,0.24382,1
3,89.87077,189.16,99.74377,70,15,2,2023-05-18 11:25:07,0,2
4,89.771,188.95,99.63386,70,15,2,2023-05-18 17:43:12,0.24382,1
4,89.771,188.95,99.63386,70,15,2,2023-05-18 17:43:12,0,2
5,89.66173,188.72,99.51458,70,15,2,2023-05-19 00:00:39,0.24382,1
5,89.66173,188.72,99.51458,70,15,2,2023-05-19 00:00:39,0,2
6,89.59521,188.58,99.43889,70,15,2,2023-05-19 06:17:49,0.24382,1
6,89.59521,188.58,99.43889,70,15,2,2023-05-19 06:17:49,0,2
7,89.51919,188.42,99.35489,70,15,2,2023-05-19 12:34:39,0.24382,1
7,89.51919,188.42,99.35489,70,15,2,2023-05-19 12:34:39,0,2
8,89.45268,188.28,99.28053,70,15,2,2023-05-19 18:51:03,0.24382,1
8,89.45268,188.28,99.28053,70,15,2,2023-05-19 18:51:03,0,2
9,89.40042,188.17,99.22233,70,15,2,2023-05-20 01:07:15,0.24382,1
9,89.40042,188.17,99.22233,70,15,2,2023-05-20 01:07:15,0,2
10,89.34341,188.05,99.16022,70,15,2,2023-05-20 07:23:09,0.24382,1
10,89.34341,188.05,99.16022,70,15,2,2023-05-20 07:23:09,0,2
1,87.519,184.21,100,70,15,3,2023-07-21 21:32:36,0.23786,1
1,87.519,184.21,100,70,15,3,2023-07-21 21:32:36,0,2
2,87.58552,184.35,100.0789,70,15,3,2023-07-22 03:41:46,0.23786,1
2,87.58552,184.35,100.0789,70,15,3,2023-07-22 03:41:46,0,2
3,87.63778,184.46,100.1368,70,15,3,2023-07-22 09:51:10,0.23786,1
3,87.63778,184.46,100.1368,70,15,3,2023-07-22 09:51:10,0,2
4,87.66629,184.52,100.1701,70,15,3,2023-07-22 16:00:46,0.23786,1
4,87.66629,184.52,100.1701,70,15,3,2023-07-22 16:00:46,0,2
5,87.67104,184.53,100.173,70,15,3,2023-07-22 22:10:19,0.23786,1
5,87.67104,184.53,100.173,70,15,3,2023-07-22 22:10:19,0,2
6,87.68529,184.56,100.1938,70,15,3,2023-07-23 04:19:51,0.23786,1
6,87.68529,184.56,100.1938,70,15,3,2023-07-23 04:19:51,0,2
7,87.69954,184.59,100.2103,70,15,3,2023-07-23 10:29:31,0.23786,1
7,87.69954,184.59,100.2103,70,15,3,2023-07-23 10:29:31,0,2
8,87.70429,184.6,100.2148,70,15,3,2023-07-23 16:39:03,0.23786,1
8,87.70429,184.6,100.2148,70,15,3,2023-07-23 16:39:03,0,2
9,87.69954,184.59,100.2088,70,15,3,2023-07-23 22:48:33,0.23786,1
9,87.69954,184.59,100.2088,70,15,3,2023-07-23 22:48:33,0,2
10,87.70429,184.6,100.2128,70,15,3,2023-07-24 04:58:09,0.23786,1
10,87.70429,184.6,100.2128,70,15,3,2023-07-24 04:58:09,0,2
1,86.3645,181.78,100,70,15,4,2023-09-27 16:30:14,0.23327,1
1,86.3645,181.78,100,70,15,4,2023-09-27 16:30:14,0,2
2,86.42626,181.91,100.0731,70,15,4,2023-09-27 22:34:58,0.23327,1
2,86.42626,181.91,100.0731,70,15,4,2023-09-27 22:34:58,0,2
3,86.47377,182.01,100.1273,70,15,4,2023-09-28 04:39:57,0.23327,1
3,86.47377,182.01,100.1273,70,15,4,2023-09-28 04:39:57,0,2
4,86.51653,182.1,100.1794,70,15,4,2023-09-28 10:45:05,0.23327,1
4,86.51653,182.1,100.1794,70,15,4,2023-09-28 10:45:05,0,2
5,86.54979,182.17,100.2143,70,15,4,2023-09-28 16:50:25,0.23327,1
5,86.54979,182.17,100.2143,70,15,4,2023-09-28 16:50:25,0,2
6,86.55929,182.19,100.227,70,15,4,2023-09-28 22:55:41,0.23327,1
6,86.55929,182.19,100.227,70,15,4,2023-09-28 22:55:41,0,2
7,86.5783,182.23,100.2499,70,15,4,2023-09-29 05:01:02,0.23327,1
7,86.5783,182.23,100.2499,70,15,4,2023-09-29 05:01:02,0,2
8,86.5973,182.27,100.2735,70,15,4,2023-09-29 11:06:33,0.23327,1
8,86.5973,182.27,100.2735,70,15,4,2023-09-29 11:06:33,0,2
9,86.61631,182.31,100.2945,70,15,4,2023-09-29 17:12:07,0.23327,1
9,86.61631,182.31,100.2945,70,15,4,2023-09-29 17:12:07,0,2
10,86.61631,182.31,100.291,70,15,4,2023-09-29 23:17:36,0.23327,1
10,86.61631,182.31,100.291,70,15,4,2023-09-29 23:17:36,0,2
1,85.42379,179.8,100,70,15,5,2023-12-05 21:46:44,0.22916,1
1,85.42379,179.8,100,70,15,5,2023-12-05 21:46:44,0,2
2,85.48081,179.92,100.0708,70,15,5,2023-12-06 03:48:08,0.22916,1
2,85.48081,179.92,100.0708,70,15,5,2023-12-06 03:48:08,0,2
3,85.51406,179.99,100.1078,70,15,5,2023-12-06 09:49:34,0.22916,1
3,85.51406,179.99,100.1078,70,15,5,2023-12-06 09:49:34,0,2
4,85.56632,180.1,100.1676,70,15,5,2023-12-06 15:51:15,0.22916,1
4,85.56632,180.1,100.1676,70,15,5,2023-12-06 15:51:15,0,2
5,85.60433,180.18,100.213,70,15,5,2023-12-06 21:53:01,0.22916,1
5,85.60433,180.18,100.213,70,15,5,2023-12-06 21:53:01,0,2
6,85.62809,180.23,100.2429,70,15,5,2023-12-07 03:54:54,0.22916,1
6,85.62809,180.23,100.2429,70,15,5,2023-12-07 03:54:54,0,2
7,85.66135,180.3,100.2788,70,15,5,2023-12-07 09:56:55,0.22916,1
7,85.66135,180.3,100.2788,70,15,5,2023-12-07 09:56:55,0,2
8,85.6661,180.31,100.2876,70,15,5,2023-12-07 15:58:55,0.22916,1
8,85.6661,180.31,100.2876,70,15,5,2023-12-07 15:58:55,0,2
9,85.6756,180.33,100.2975,70,15,5,2023-12-07 22:01:00,0.22916,1
9,85.6756,180.33,100.2975,70,15,5,2023-12-07 22:01:00,0,2
10,85.55682,180.08,100.1573,70,15,5,2023-12-08 04:02:43,0.22916,1
10,85.55682,180.08,100.1573,70,15,5,2023-12-08 04:02:43,0,2
1,84.7729,178.43,100,70,15,6,2024-02-19 22:57:20,0.23864,1
1,84.7729,178.43,100,70,15,6,2024-02-19 22:57:20,0.23864,2
2,84.83466,178.56,100.0734,70,15,6,2024-02-20 04:56:19,0.23864,1
2,84.83466,178.56,100.0734,70,15,6,2024-02-20 04:56:19,0.23864,2
3,84.87267,178.64,100.1182,70,15,6,2024-02-20 10:55:26,0.23864,1
3,84.87267,178.64,100.1182,70,15,6,2024-02-20 10:55:26,0.23864,2
4,84.91068,178.72,100.1663,70,15,6,2024-02-20 16:54:40,0.23864,1
4,84.91068,178.72,100.1663,70,15,6,2024-02-20 16:54:40,0.23864,2
5,84.93919,178.78,100.1956,70,15,6,2024-02-20 22:54:02,0.23864,1
5,84.93919,178.78,100.1956,70,15,6,2024-02-20 22:54:02,0.23864,2
6,84.82991,178.55,100.0672,70,15,6,2024-02-21 04:53:10,0.23864,1
6,84.82991,178.55,100.0672,70,15,6,2024-02-21 04:53:10,0.23864,2
7,84.83466,178.56,100.0731,70,15,6,2024-02-21 10:52:09,0.23864,1
7,84.83466,178.56,100.0731,70,15,6,2024-02-21 10:52:09,0.23864,2
8,84.81566,178.52,100.0494,70,15,6,2024-02-21 16:51:03,0.23864,1
8,84.81566,178.52,100.0494,70,15,6,2024-02-21 16:51:03,0.23864,2
9,84.80141,178.49,100.0324,70,15,6,2024-02-21 22:49:54,0.23864,1
9,84.80141,178.49,100.0324,70,15,6,2024-02-21 22:49:54,0.23864,2
10,84.7919,178.47,100.0213,70,15,6,2024-02-22 04:48:42,0.23864,1
10,84.7919,178.47,100.0213,70,15,6,2024-02-22 04:48:42,0.23864,2
1,100,211.08,100,90,15,1,2022-12-19 22:51:36,0.38016,1
1,100,211.08,100,90,15,1,2022-12-19 22:51:36,0,2
2,99.42676,209.87,99.42652,90,15,1,2022-12-20 05:49:58,0.38016,1
2,99.42676,209.87,99.42652,90,15,1,2022-12-20 05:49:58,0,2
3,98.93879,208.84,98.93838,90,15,1,2022-12-20 12:46:07,0.38016,1
3,98.93879,208.84,98.93838,90,15,1,2022-12-20 12:46:07,0,2
1,88.07561,185.91,100,90,15,2,2023-05-17 23:20:45,0.34588,1
1,88.07561,185.91,100,90,15,2,2023-05-17 23:20:45,0,2
2,87.91453,185.57,99.81755,90,15,2,2023-05-18 05:36:44,0.34588,1
2,87.91453,185.57,99.81755,90,15,2,2023-05-18 05:36:44,0,2
3,87.85295,185.44,99.74917,90,15,2,2023-05-18 11:51:59,0.34588,1
3,87.85295,185.44,99.74917,90,15,2,2023-05-18 11:51:59,0,2
4,87.85295,185.44,99.74685,90,15,2,2023-05-18 18:07:14,0.34588,1
4,87.85295,185.44,99.74685,90,15,2,2023-05-18 18:07:14,0,2
5,87.78662,185.3,99.67367,90,15,2,2023-05-19 00:22:06,0.34588,1
5,87.78662,185.3,99.67367,90,15,2,2023-05-19 00:22:06,0,2
6,87.70135,185.12,99.5776,90,15,2,2023-05-19 06:36:38,0.34588,1
6,87.70135,185.12,99.5776,90,15,2,2023-05-19 06:36:38,0,2
7,87.64449,185,99.51462,90,15,2,2023-05-19 12:50:51,0.34588,1
7,87.64449,185,99.51462,90,15,2,2023-05-19 12:50:51,0,2
8,87.61607,184.94,99.47925,90,15,2,2023-05-19 19:04:53,0.34588,1
8,87.61607,184.94,99.47925,90,15,2,2023-05-19 19:04:53,0,2
9,87.57343,184.85,99.4304,90,15,2,2023-05-20 01:18:45,0.34588,1
9,87.57343,184.85,99.4304,90,15,2,2023-05-20 01:18:45,0,2
10,87.58291,184.87,99.44149,90,15,2,2023-05-20 07:32:21,0.34588,1
10,87.58291,184.87,99.44149,90,15,2,2023-05-20 07:32:21,0,2
1,86.64014,182.88,100,90,15,3,2023-07-21 22:03:50,0.3567,1
1,86.64014,182.88,100,90,15,3,2023-07-21 22:03:50,0,2
2,86.57855,182.75,99.92754,90,15,3,2023-07-22 04:11:47,0.3567,1
2,86.57855,182.75,99.92754,90,15,3,2023-07-22 04:11:47,0,2
3,86.58802,182.77,99.94068,90,15,3,2023-07-22 10:19:53,0.3567,1
3,86.58802,182.77,99.94068,90,15,3,2023-07-22 10:19:53,0,2
4,86.59276,182.78,99.94909,90,15,3,2023-07-22 16:28:04,0.3567,1
4,86.59276,182.78,99.94909,90,15,3,2023-07-22 16:28:04,0,2
5,86.61171,182.82,99.96862,90,15,3,2023-07-22 22:36:20,0.3567,1
5,86.61171,182.82,99.96862,90,15,3,2023-07-22 22:36:20,0,2
6,86.62592,182.85,99.98248,90,15,3,2023-07-23 04:44:39,0.3567,1
6,86.62592,182.85,99.98248,90,15,3,2023-07-23 04:44:39,0,2
7,86.63066,182.86,99.98914,90,15,3,2023-07-23 10:52:54,0.3567,1
7,86.63066,182.86,99.98914,90,15,3,2023-07-23 10:52:54,0,2
8,86.63066,182.86,99.99045,90,15,3,2023-07-23 17:01:09,0.3567,1
8,86.63066,182.86,99.99045,90,15,3,2023-07-23 17:01:09,0,2
9,86.64961,182.9,100.0096,90,15,3,2023-07-23 23:09:27,0.3567,1
9,86.64961,182.9,100.0096,90,15,3,2023-07-23 23:09:27,0,2
10,86.6354,182.87,99.9967,90,15,3,2023-07-24 05:17:38,0.3567,1
10,86.6354,182.87,99.9967,90,15,3,2023-07-24 05:17:38,0,2
1,84.96305,179.34,100,90,15,4,2023-09-27 17:00:47,0.36126,1
1,84.96305,179.34,100,90,15,4,2023-09-27 17:00:47,0,2
2,84.88725,179.18,99.90682,90,15,4,2023-09-27 23:04:24,0.36126,1
2,84.88725,179.18,99.90682,90,15,4,2023-09-27 23:04:24,0,2
3,84.8683,179.14,99.88517,90,15,4,2023-09-28 05:08:07,0.36126,1
3,84.8683,179.14,99.88517,90,15,4,2023-09-28 05:08:07,0,2
4,84.83987,179.08,99.85189,90,15,4,2023-09-28 11:11:44,0.36126,1
4,84.83987,179.08,99.85189,90,15,4,2023-09-28 11:11:44,0,2
5,84.8304,179.06,99.84193,90,15,4,2023-09-28 17:15:23,0.36126,1
5,84.8304,179.06,99.84193,90,15,4,2023-09-28 17:15:23,0,2
6,84.84461,179.09,99.86052,90,15,4,2023-09-28 23:19:05,0.36126,1
6,84.84461,179.09,99.86052,90,15,4,2023-09-28 23:19:05,0,2
7,84.84461,179.09,99.85873,90,15,4,2023-09-29 05:22:42,0.36126,1
7,84.84461,179.09,99.85873,90,15,4,2023-09-29 05:22:42,0,2
8,84.86356,179.13,99.88257,90,15,4,2023-09-29 11:26:30,0.36126,1
8,84.86356,179.13,99.88257,90,15,4,2023-09-29 11:26:30,0,2
9,84.8683,179.14,99.88377,90,15,4,2023-09-29 17:30:18,0.36126,1
9,84.8683,179.14,99.88377,90,15,4,2023-09-29 17:30:18,0,2
10,84.95357,179.32,99.98523,90,15,4,2023-09-29 23:34:01,0.36126,1
10,84.95357,179.32,99.98523,90,15,4,2023-09-29 23:34:01,0,2
1,84.1624,177.65,100,90,15,5,2023-12-05 22:15:03,0.35988,1
1,84.1624,177.65,100,90,15,5,2023-12-05 22:15:03,0,2
2,84.06765,177.45,99.88847,90,15,5,2023-12-06 04:15:18,0.35988,1
2,84.06765,177.45,99.88847,90,15,5,2023-12-06 04:15:18,0,2
3,84.03449,177.38,99.84858,90,15,5,2023-12-06 10:15:40,0.35988,1
3,84.03449,177.38,99.84858,90,15,5,2023-12-06 10:15:40,0,2
4,84.03923,177.39,99.85422,90,15,5,2023-12-06 16:16:04,0.35988,1
4,84.03923,177.39,99.85422,90,15,5,2023-12-06 16:16:04,0,2
5,84.0487,177.41,99.86754,90,15,5,2023-12-06 22:16:30,0.35988,1
5,84.0487,177.41,99.86754,90,15,5,2023-12-06 22:16:30,0,2
6,84.06291,177.44,99.88072,90,15,5,2023-12-07 04:16:57,0.35988,1
6,84.06291,177.44,99.88072,90,15,5,2023-12-07 04:16:57,0,2
7,84.07239,177.46,99.89633,90,15,5,2023-12-07 10:17:27,0.35988,1
7,84.07239,177.46,99.89633,90,15,5,2023-12-07 10:17:27,0,2
8,84.07239,177.46,99.89466,90,15,5,2023-12-07 16:17:58,0.35988,1
8,84.07239,177.46,99.89466,90,15,5,2023-12-07 16:17:58,0,2
9,84.08186,177.48,99.90499,90,15,5,2023-12-07 22:18:31,0.35988,1
9,84.08186,177.48,99.90499,90,15,5,2023-12-07 22:18:31,0,2
10,84.0487,177.41,99.86923,90,15,5,2023-12-08 04:18:54,0.35988,1
10,84.0487,177.41,99.86923,90,15,5,2023-12-08 04:18:54,0,2
1,83.49441,176.24,100,90,15,6,2024-02-19 23:23:15,0.34557,1
1,83.49441,176.24,100,90,15,6,2024-02-19 23:23:15,0.34557,2
2,83.40913,176.06,99.89912,90,15,6,2024-02-20 05:21:03,0.34557,1
2,83.40913,176.06,99.89912,90,15,6,2024-02-20 05:21:03,0.34557,2
3,83.38545,176.01,99.87189,90,15,6,2024-02-20 11:18:57,0.34557,1
3,83.38545,176.01,99.87189,90,15,6,2024-02-20 11:18:57,0.34557,2
4,83.38545,176.01,99.87414,90,15,6,2024-02-20 17:16:52,0.34557,1
4,83.38545,176.01,99.87414,90,15,6,2024-02-20 17:16:52,0.34557,2
5,83.38071,176,99.86507,90,15,6,2024-02-20 23:14:47,0.34557,1
5,83.38071,176,99.86507,90,15,6,2024-02-20 23:14:47,0.34557,2
6,83.38071,176,99.86417,90,15,6,2024-02-21 05:12:43,0.34557,1
6,83.38071,176,99.86417,90,15,6,2024-02-21 05:12:43,0.34557,2
7,83.37597,175.99,99.86085,90,15,6,2024-02-21 11:10:38,0.34557,1
7,83.37597,175.99,99.86085,90,15,6,2024-02-21 11:10:38,0.34557,2
8,83.36176,175.96,99.84067,90,15,6,2024-02-21 17:08:29,0.34557,1
8,83.36176,175.96,99.84067,90,15,6,2024-02-21 17:08:29,0.34557,2
9,83.35228,175.94,99.83144,90,15,6,2024-02-21 23:06:23,0.34557,1
9,83.35228,175.94,99.83144,90,15,6,2024-02-21 23:06:23,0.34557,2
10,83.33333,175.9,99.81069,90,15,6,2024-02-22 05:04:10,0.34557,1
10,83.33333,175.9,99.81069,90,15,6,2024-02-22 05:04:10,0.34557,2
